date,campaign_id,campaign_name,audience,os,impressions,clicks,spend_usd,conversions,ctr,cpc_usd,cpa_usd
2025-02-28,C001,Campaign_C001,55-64,iOS,97728,3333,5988.59,68,0.0341,1.7968,88.0675
2025-03-01,C001,Campaign_C001,25-34,Android,19191,687,633.6,55,0.0358,0.9223,11.52
2025-03-02,C001,Campaign_C001,25-34,iOS,59003,807,892.58,35,0.0137,1.106,25.5023
2025-03-03,C001,Campaign_C001,35-44,Android,77600,2735,4151.52,53,0.0352,1.5179,78.3306
2025-03-04,C001,Campaign_C001,35-44,Android,52017,1133,1541.12,82,0.0218,1.3602,18.7941
2025-03-05,C001,Campaign_C001,45-54,iOS,88584,2194,3458.84,52,0.0248,1.5765,66.5162
2025-03-06,C001,Campaign_C001,25-34,Android,20700,384,542.56,29,0.0186,1.4129,18.709
2025-03-07,C001,Campaign_C001,35-44,Android,75075,1920,2516.62,156,0.0256,1.3107,16.1322
2025-03-08,C001,Campaign_C001,35-44,Android,25992,1233,1768.28,72,0.0474,1.4341,24.5594
2025-03-09,C001,Campaign_C001,25-34,iOS,98999,1979,1863.14,126,0.02,0.9415,14.7868
2025-03-10,C001,Campaign_C001,18-24,Android,7027,259,433.09,9,0.0369,1.6722,48.1211
2025-03-11,C001,Campaign_C001,45-54,Android,71510,1536,526.87,123,0.0215,0.343,4.2835
2025-03-12,C001,Campaign_C001,55-64,Android,68575,2333,2742.44,122,0.034,1.1755,22.479
2025-03-13,C001,Campaign_C001,55-64,Android,71528,2827,5159.68,97,0.0395,1.8251,53.1926
2025-03-14,C001,Campaign_C001,55-64,iOS,54583,2293,1888.28,82,0.042,0.8235,23.0278
2025-03-15,C001,Campaign_C001,55-64,iOS,36858,997,408.82,68,0.027,0.4101,6.0121
2025-03-16,C001,Campaign_C001,18-24,iOS,56784,2480,1891.64,220,0.0437,0.7628,8.5984
2025-03-17,C001,Campaign_C001,45-54,Android,27266,1134,1157.99,35,0.0416,1.0212,33.0854
2025-03-18,C001,Campaign_C001,25-34,Android,24775,565,303.38,11,0.0228,0.537,27.58
2025-03-19,C001,Campaign_C001,25-34,iOS,94414,1035,1498.2,87,0.011,1.4475,17.2207
2025-03-20,C001,Campaign_C001,18-24,iOS,54665,300,219.03,18,0.0055,0.7301,12.1683
2025-03-21,C001,Campaign_C001,45-54,Android,58813,2424,1221.7,44,0.0412,0.504,27.7659
2025-03-22,C001,Campaign_C001,55-64,iOS,41036,1052,1581.08,82,0.0256,1.5029,19.2815
2025-03-23,C001,Campaign_C001,45-54,iOS,55991,346,349.16,23,0.0062,1.0091,15.1809
2025-03-24,C001,Campaign_C001,55-64,Android,60191,2847,2235.48,94,0.0473,0.7852,23.7817
2025-03-25,C001,Campaign_C001,18-24,Android,35120,831,646.85,79,0.0237,0.7784,8.188
2025-03-26,C001,Campaign_C001,45-54,Android,84750,979,1338.17,38,0.0116,1.3669,35.215
2025-03-27,C001,Campaign_C001,35-44,Android,72895,3131,3524.47,229,0.043,1.1257,15.3907
2025-03-28,C001,Campaign_C001,35-44,iOS,6468,141,275.38,9,0.0218,1.953,30.5978
2025-03-29,C001,Campaign_C001,45-54,iOS,98645,4369,7966.16,132,0.0443,1.8233,60.3497
2025-03-30,C001,Campaign_C001,35-44,iOS,81927,768,276.66,8,0.0094,0.3602,34.5825
2025-03-31,C001,Campaign_C001,35-44,Android,32000,1476,584.76,120,0.0461,0.3962,4.873
2025-04-01,C001,Campaign_C001,45-54,Android,50761,683,763.87,45,0.0135,1.1184,16.9749
2025-04-02,C001,Campaign_C001,25-34,iOS,16169,379,419.81,16,0.0234,1.1077,26.2381
2025-04-03,C001,Campaign_C001,18-24,iOS,5104,92,44.42,3,0.018,0.4828,14.8067
2025-04-04,C001,Campaign_C001,25-34,iOS,81982,1516,2153.01,88,0.0185,1.4202,24.466
2025-04-05,C001,Campaign_C001,55-64,iOS,61782,3033,1919.14,104,0.0491,0.6328,18.4533
2025-04-06,C001,Campaign_C001,45-54,iOS,4837,145,232.1,14,0.03,1.6007,16.5786
2025-04-07,C001,Campaign_C001,18-24,Android,12401,188,124.68,10,0.0152,0.6632,12.468
2025-04-08,C001,Campaign_C001,55-64,iOS,2424,22,5.56,1,0.0091,0.2527,5.56
2025-04-09,C001,Campaign_C001,18-24,Android,64063,2361,3032.19,137,0.0369,1.2843,22.1328
2025-04-10,C001,Campaign_C001,45-54,Android,69900,2325,3140.79,169,0.0333,1.3509,18.5846
2025-04-11,C001,Campaign_C001,45-54,Android,28577,152,92.29,5,0.0053,0.6072,18.458
2025-04-12,C001,Campaign_C001,55-64,Android,85351,4013,4244.93,326,0.047,1.0578,13.0213
2025-04-13,C001,Campaign_C001,25-34,iOS,66763,3169,2268.71,221,0.0475,0.7159,10.2657
2025-04-14,C001,Campaign_C001,18-24,Android,31652,715,1084.93,11,0.0226,1.5174,98.63
2025-04-15,C001,Campaign_C001,25-34,iOS,15488,163,263.02,14,0.0105,1.6136,18.7871
2025-04-16,C001,Campaign_C001,18-24,iOS,22648,839,516.4,46,0.037,0.6155,11.2261
2025-04-17,C001,Campaign_C001,45-54,iOS,50663,2101,2590.38,150,0.0415,1.2329,17.2692
2025-04-18,C001,Campaign_C001,25-34,iOS,68780,1722,820.13,119,0.025,0.4763,6.8918
2025-04-19,C001,Campaign_C001,55-64,Android,72557,2800,944.13,98,0.0386,0.3372,9.634
2025-04-20,C001,Campaign_C001,25-34,iOS,34851,1468,2684.84,84,0.0421,1.8289,31.9624
2025-04-21,C001,Campaign_C001,45-54,iOS,49330,1628,1286.99,83,0.033,0.7905,15.5059
2025-04-22,C001,Campaign_C001,35-44,Android,43816,1159,1801.69,115,0.0265,1.5545,15.6669
2025-04-23,C001,Campaign_C001,45-54,Android,80433,912,1711.62,87,0.0113,1.8768,19.6738
2025-04-24,C001,Campaign_C001,45-54,Android,26605,1302,2195.05,56,0.0489,1.6859,39.1973
2025-04-25,C001,Campaign_C001,25-34,Android,85116,593,1111.29,48,0.007,1.874,23.1519
2025-04-26,C001,Campaign_C001,18-24,Android,30113,314,618.55,30,0.0104,1.9699,20.6183
2025-04-27,C001,Campaign_C001,25-34,Android,15134,223,141.33,7,0.0147,0.6338,20.19
2025-04-28,C001,Campaign_C001,45-54,Android,59212,510,323.72,32,0.0086,0.6347,10.1163
2025-04-29,C001,Campaign_C001,45-54,Android,42005,1789,2191.83,50,0.0426,1.2252,43.8366
2025-04-30,C001,Campaign_C001,55-64,iOS,66744,1129,1697.75,54,0.0169,1.5038,31.4398
2025-05-01,C001,Campaign_C001,18-24,iOS,90888,2155,3036.44,210,0.0237,1.409,14.4592
2025-05-02,C001,Campaign_C001,55-64,iOS,56481,313,338.28,4,0.0055,1.0808,84.57
2025-05-03,C001,Campaign_C001,45-54,Android,88039,2654,1652.29,41,0.0301,0.6226,40.2998
2025-05-04,C001,Campaign_C001,18-24,iOS,7690,327,509.84,17,0.0425,1.5591,29.9906
2025-05-05,C001,Campaign_C001,55-64,Android,56555,869,562.25,39,0.0154,0.647,14.4167
2025-05-06,C001,Campaign_C001,18-24,iOS,17993,649,930.82,35,0.0361,1.4342,26.5949
2025-05-07,C001,Campaign_C001,55-64,Android,30122,1299,524.68,59,0.0431,0.4039,8.8929
2025-05-08,C001,Campaign_C001,45-54,Android,93005,1398,600.55,59,0.015,0.4296,10.1788
2025-05-09,C001,Campaign_C001,45-54,iOS,95129,2063,1029.61,84,0.0217,0.4991,12.2573
2025-05-10,C001,Campaign_C001,18-24,Android,24910,389,55.81,27,0.0156,0.1435,2.067
2025-05-11,C001,Campaign_C001,55-64,iOS,28812,819,1155.17,37,0.0284,1.4105,31.2208
2025-05-12,C001,Campaign_C001,55-64,Android,21342,875,1650.24,44,0.041,1.886,37.5055
2025-05-13,C001,Campaign_C001,35-44,iOS,71208,1335,619.09,58,0.0187,0.4637,10.674
2025-05-14,C001,Campaign_C001,45-54,Android,25040,889,1254.57,77,0.0355,1.4112,16.2931
2025-05-15,C001,Campaign_C001,55-64,iOS,20950,609,185.61,15,0.0291,0.3048,12.374
2025-05-16,C001,Campaign_C001,18-24,iOS,21779,637,1214.38,38,0.0292,1.9064,31.9574
2025-05-17,C001,Campaign_C001,55-64,Android,58261,1554,960.73,131,0.0267,0.6182,7.3338
2025-05-18,C001,Campaign_C001,45-54,iOS,87848,3552,5291.86,120,0.0404,1.4898,44.0988
2025-05-19,C001,Campaign_C001,35-44,iOS,48597,1627,356.6,25,0.0335,0.2192,14.264
2025-05-20,C001,Campaign_C001,35-44,Android,58181,359,596.98,18,0.0062,1.6629,33.1656
2025-05-21,C001,Campaign_C001,55-64,iOS,12046,311,209.6,3,0.0258,0.674,69.8667
2025-05-22,C001,Campaign_C001,25-34,iOS,66623,2279,3587.17,130,0.0342,1.574,27.5936
2025-05-23,C001,Campaign_C001,25-34,Android,19006,202,376.39,11,0.0106,1.8633,34.2173
2025-05-24,C001,Campaign_C001,25-34,iOS,74774,2948,3722.24,163,0.0394,1.2626,22.8358
2025-05-25,C001,Campaign_C001,35-44,Android,73066,2021,2411.77,139,0.0277,1.1934,17.3509
2025-05-26,C001,Campaign_C001,55-64,iOS,45419,840,1457.04,21,0.0185,1.7346,69.3829
2025-05-27,C001,Campaign_C001,35-44,iOS,46690,1307,787.26,64,0.028,0.6023,12.3009
2025-05-28,C001,Campaign_C001,35-44,iOS,7972,359,137.97,6,0.045,0.3843,22.995
2025-05-29,C001,Campaign_C001,55-64,iOS,95129,1947,1102.6,67,0.0205,0.5663,16.4567
2025-05-30,C001,Campaign_C001,25-34,iOS,51192,1106,961.46,49,0.0216,0.8693,19.6216
2025-05-31,C001,Campaign_C001,18-24,iOS,69951,1126,992.32,107,0.0161,0.8813,9.274
2025-06-01,C001,Campaign_C001,18-24,iOS,17577,165,175.05,7,0.0094,1.0609,25.0071
2025-06-02,C001,Campaign_C001,45-54,Android,11547,121,14.39,8,0.0105,0.1189,1.7988
2025-06-03,C001,Campaign_C001,35-44,iOS,18369,430,778.13,7,0.0234,1.8096,111.1614
2025-06-04,C001,Campaign_C001,45-54,Android,17660,835,155.76,44,0.0473,0.1865,3.54
2025-06-05,C001,Campaign_C001,35-44,Android,48897,1446,2208.71,35,0.0296,1.5275,63.106
2025-06-06,C001,Campaign_C001,45-54,Android,8570,179,239.35,1,0.0209,1.3372,239.35
2025-06-07,C001,Campaign_C001,55-64,iOS,97471,3450,4659.08,76,0.0354,1.3505,61.3037
2025-02-28,C002,Campaign_C002,55-64,Android,64859,2542,544.84,29,0.0392,0.2143,18.7876
2025-03-01,C002,Campaign_C002,55-64,iOS,58899,1789,2187.44,52,0.0304,1.2227,42.0662
2025-03-02,C002,Campaign_C002,35-44,Android,51759,776,775.91,75,0.015,0.9999,10.3455
2025-03-03,C002,Campaign_C002,25-34,iOS,49679,1375,2094.75,30,0.0277,1.5235,69.825
2025-03-04,C002,Campaign_C002,25-34,iOS,52464,1989,758.41,166,0.0379,0.3813,4.5687
2025-03-05,C002,Campaign_C002,55-64,iOS,32637,990,1294.62,75,0.0303,1.3077,17.2616
2025-03-06,C002,Campaign_C002,55-64,iOS,53713,2411,4384.84,24,0.0449,1.8187,182.7017
2025-03-07,C002,Campaign_C002,55-64,Android,99786,1835,2262.0,67,0.0184,1.2327,33.7612
2025-03-08,C002,Campaign_C002,45-54,iOS,57994,2861,327.04,255,0.0493,0.1143,1.2825
2025-03-09,C002,Campaign_C002,45-54,Android,14718,207,252.77,15,0.0141,1.2211,16.8513
2025-03-10,C002,Campaign_C002,55-64,iOS,53751,2494,4799.88,127,0.0464,1.9246,37.7943
2025-03-11,C002,Campaign_C002,55-64,Android,58282,2113,588.72,99,0.0363,0.2786,5.9467
2025-03-12,C002,Campaign_C002,55-64,iOS,18513,276,148.95,23,0.0149,0.5397,6.4761
2025-03-13,C002,Campaign_C002,25-34,iOS,39059,1847,1237.17,163,0.0473,0.6698,7.59
2025-03-14,C002,Campaign_C002,18-24,Android,22185,943,1292.05,64,0.0425,1.3701,20.1883
2025-03-15,C002,Campaign_C002,45-54,Android,78989,1365,1599.96,81,0.0173,1.1721,19.7526
2025-03-16,C002,Campaign_C002,55-64,iOS,55195,1194,1478.99,114,0.0216,1.2387,12.9736
2025-03-17,C002,Campaign_C002,45-54,Android,36766,452,879.49,21,0.0123,1.9458,41.8805
2025-03-18,C002,Campaign_C002,55-64,Android,86783,2896,2139.6,179,0.0334,0.7388,11.9531
2025-03-19,C002,Campaign_C002,55-64,Android,46334,1751,2406.58,80,0.0378,1.3744,30.0822
2025-03-20,C002,Campaign_C002,55-64,iOS,87289,4343,7742.51,404,0.0498,1.7828,19.1646
2025-03-21,C002,Campaign_C002,45-54,Android,33747,615,184.49,13,0.0182,0.3,14.1915
2025-03-22,C002,Campaign_C002,35-44,iOS,81143,3122,6228.51,293,0.0385,1.995,21.2577
2025-03-23,C002,Campaign_C002,45-54,iOS,30701,565,422.99,51,0.0184,0.7487,8.2939
2025-03-24,C002,Campaign_C002,35-44,Android,6783,138,154.04,3,0.0203,1.1162,51.3467
2025-03-25,C002,Campaign_C002,25-34,iOS,16602,243,281.82,20,0.0146,1.1598,14.091
2025-03-26,C002,Campaign_C002,45-54,iOS,38027,337,72.58,11,0.0089,0.2154,6.5982
2025-03-27,C002,Campaign_C002,35-44,Android,17110,540,1044.88,28,0.0316,1.935,37.3171
2025-03-28,C002,Campaign_C002,18-24,iOS,57185,1806,2323.82,43,0.0316,1.2867,54.0423
2025-03-29,C002,Campaign_C002,55-64,iOS,42073,1300,957.99,18,0.0309,0.7369,53.2217
2025-03-30,C002,Campaign_C002,55-64,iOS,47434,1193,1558.31,13,0.0252,1.3062,119.87
2025-03-31,C002,Campaign_C002,45-54,iOS,93160,1060,1832.28,74,0.0114,1.7286,24.7605
2025-04-01,C002,Campaign_C002,55-64,Android,47470,1816,2255.58,145,0.0383,1.2421,15.5557
2025-04-02,C002,Campaign_C002,45-54,Android,43378,1343,893.25,41,0.031,0.6651,21.7866
2025-04-03,C002,Campaign_C002,35-44,Android,76404,3119,2964.9,42,0.0408,0.9506,70.5929
2025-04-04,C002,Campaign_C002,25-34,iOS,46895,1337,2600.03,102,0.0285,1.9447,25.4905
2025-04-05,C002,Campaign_C002,55-64,iOS,17845,309,329.77,25,0.0173,1.0672,13.1908
2025-04-06,C002,Campaign_C002,35-44,iOS,45327,1528,2798.15,115,0.0337,1.8313,24.3317
2025-04-07,C002,Campaign_C002,45-54,iOS,83433,3121,6103.58,169,0.0374,1.9556,36.1159
2025-04-08,C002,Campaign_C002,25-34,iOS,12352,270,465.03,24,0.0219,1.7223,19.3762
2025-04-09,C002,Campaign_C002,45-54,Android,21915,1089,1633.26,23,0.0497,1.4998,71.0113
2025-04-10,C002,Campaign_C002,35-44,Android,22279,273,95.16,17,0.0123,0.3486,5.5976
2025-04-11,C002,Campaign_C002,45-54,iOS,19767,911,1541.23,68,0.0461,1.6918,22.6651
2025-04-12,C002,Campaign_C002,25-34,iOS,52681,2476,1102.05,170,0.047,0.4451,6.4826
2025-04-13,C002,Campaign_C002,45-54,iOS,84547,2569,2520.9,58,0.0304,0.9813,43.4638
2025-04-14,C002,Campaign_C002,45-54,Android,27108,272,96.65,6,0.01,0.3553,16.1083
2025-04-15,C002,Campaign_C002,25-34,Android,12481,586,428.65,36,0.047,0.7315,11.9069
2025-04-16,C002,Campaign_C002,35-44,iOS,11854,577,965.36,34,0.0487,1.6731,28.3929
2025-04-17,C002,Campaign_C002,55-64,Android,29455,815,857.43,33,0.0277,1.0521,25.9827
2025-04-18,C002,Campaign_C002,55-64,Android,52752,1532,570.46,120,0.029,0.3724,4.7538
2025-04-19,C002,Campaign_C002,25-34,Android,88006,922,779.9,84,0.0105,0.8459,9.2845
2025-04-20,C002,Campaign_C002,35-44,Android,15948,644,510.72,61,0.0404,0.793,8.3725
2025-04-21,C002,Campaign_C002,55-64,Android,4103,129,89.14,9,0.0314,0.691,9.9044
2025-04-22,C002,Campaign_C002,18-24,Android,77050,2796,5435.2,42,0.0363,1.9439,129.4095
2025-04-23,C002,Campaign_C002,55-64,Android,49437,1934,1196.96,64,0.0391,0.6189,18.7025
2025-04-24,C002,Campaign_C002,55-64,Android,60716,922,1316.75,87,0.0152,1.4281,15.1351
2025-04-25,C002,Campaign_C002,35-44,Android,35739,834,1462.02,69,0.0233,1.753,21.1887
2025-04-26,C002,Campaign_C002,45-54,iOS,84658,3346,2442.89,126,0.0395,0.7301,19.388
2025-04-27,C002,Campaign_C002,18-24,Android,39438,767,465.88,41,0.0194,0.6074,11.3629
2025-04-28,C002,Campaign_C002,35-44,iOS,34723,1487,403.53,57,0.0428,0.2714,7.0795
2025-04-29,C002,Campaign_C002,55-64,Android,52894,842,739.6,81,0.0159,0.8784,9.1309
2025-04-30,C002,Campaign_C002,55-64,Android,99424,2723,2890.59,189,0.0274,1.0615,15.2941
2025-05-01,C002,Campaign_C002,45-54,iOS,74878,2955,586.65,102,0.0395,0.1985,5.7515
2025-05-02,C002,Campaign_C002,25-34,Android,31379,1030,254.61,35,0.0328,0.2472,7.2746
2025-05-03,C002,Campaign_C002,35-44,Android,47355,316,325.94,13,0.0067,1.0315,25.0723
2025-05-04,C002,Campaign_C002,25-34,iOS,1790,23,44.36,1,0.0128,1.9287,44.36
2025-05-05,C002,Campaign_C002,45-54,Android,32771,792,976.88,41,0.0242,1.2334,23.8263
2025-05-06,C002,Campaign_C002,55-64,Android,90950,1032,608.99,56,0.0113,0.5901,10.8748
2025-05-07,C002,Campaign_C002,18-24,Android,52327,2067,4022.21,174,0.0395,1.9459,23.1161
2025-05-08,C002,Campaign_C002,18-24,iOS,80735,441,490.64,30,0.0055,1.1126,16.3547
2025-05-09,C002,Campaign_C002,35-44,Android,43105,890,604.35,28,0.0206,0.679,21.5839
2025-05-10,C002,Campaign_C002,45-54,Android,22673,1048,1226.05,61,0.0462,1.1699,20.0992
2025-05-11,C002,Campaign_C002,45-54,iOS,92096,2770,1702.36,63,0.0301,0.6146,27.0216
2025-05-12,C002,Campaign_C002,45-54,Android,79357,2931,5202.79,214,0.0369,1.7751,24.3121
2025-05-13,C002,Campaign_C002,55-64,Android,98686,1035,180.77,80,0.0105,0.1747,2.2596
2025-05-14,C002,Campaign_C002,55-64,Android,73107,2767,1991.16,225,0.0378,0.7196,8.8496
2025-05-15,C002,Campaign_C002,35-44,Android,37783,1011,193.44,88,0.0268,0.1913,2.1982
2025-05-16,C002,Campaign_C002,25-34,Android,3631,94,78.17,4,0.0259,0.8316,19.5425
2025-05-17,C002,Campaign_C002,45-54,Android,85072,3862,7282.37,273,0.0454,1.8856,26.6753
2025-05-18,C002,Campaign_C002,18-24,Android,47197,263,384.93,11,0.0056,1.4636,34.9936
2025-05-19,C002,Campaign_C002,55-64,Android,69075,2170,3575.12,36,0.0314,1.6475,99.3089
2025-05-20,C002,Campaign_C002,18-24,Android,65655,868,465.71,64,0.0132,0.5365,7.2767
2025-05-21,C002,Campaign_C002,25-34,Android,24603,1185,2015.88,19,0.0482,1.7012,106.0989
2025-05-22,C002,Campaign_C002,18-24,Android,93636,643,546.84,44,0.0069,0.8505,12.4282
2025-05-23,C002,Campaign_C002,18-24,Android,68262,2232,2913.95,169,0.0327,1.3055,17.2423
2025-05-24,C002,Campaign_C002,18-24,Android,88307,3934,4221.6,219,0.0445,1.0731,19.2767
2025-05-25,C002,Campaign_C002,35-44,Android,5785,99,52.87,4,0.0171,0.534,13.2175
2025-05-26,C002,Campaign_C002,25-34,iOS,41628,1628,1029.08,23,0.0391,0.6321,44.7426
2025-05-27,C002,Campaign_C002,25-34,Android,3618,118,47.65,5,0.0326,0.4038,9.53
2025-05-28,C002,Campaign_C002,18-24,iOS,57076,558,451.53,8,0.0098,0.8092,56.4412
2025-05-29,C002,Campaign_C002,35-44,iOS,93816,485,835.74,26,0.0052,1.7232,32.1438
2025-05-30,C002,Campaign_C002,35-44,iOS,63845,374,551.71,35,0.0059,1.4752,15.7631
2025-05-31,C002,Campaign_C002,35-44,iOS,26223,768,1102.18,47,0.0293,1.4351,23.4506
2025-06-01,C002,Campaign_C002,25-34,Android,18564,97,104.56,7,0.0052,1.0779,14.9371
2025-06-02,C002,Campaign_C002,25-34,iOS,70924,2912,1038.59,45,0.0411,0.3567,23.0798
2025-06-03,C002,Campaign_C002,45-54,iOS,11131,83,64.31,5,0.0075,0.7748,12.862
2025-06-04,C002,Campaign_C002,18-24,Android,29646,242,221.42,7,0.0082,0.915,31.6314
2025-06-05,C002,Campaign_C002,35-44,Android,8301,188,333.98,4,0.0226,1.7765,83.495
2025-06-06,C002,Campaign_C002,45-54,iOS,96425,4571,6777.72,418,0.0474,1.4828,16.2146
2025-06-07,C002,Campaign_C002,45-54,Android,63786,369,689.85,31,0.0058,1.8695,22.2532
2025-02-28,C003,Campaign_C003,25-34,iOS,54639,2622,3516.96,221,0.048,1.3413,15.9138
2025-03-01,C003,Campaign_C003,45-54,Android,77922,2100,694.38,131,0.027,0.3307,5.3006
2025-03-02,C003,Campaign_C003,45-54,iOS,78750,1171,390.39,55,0.0149,0.3334,7.098
2025-03-03,C003,Campaign_C003,35-44,Android,52623,1298,759.83,84,0.0247,0.5854,9.0456
2025-03-04,C003,Campaign_C003,35-44,Android,66884,1241,531.04,119,0.0186,0.4279,4.4625
2025-03-05,C003,Campaign_C003,45-54,Android,64945,2500,3054.64,173,0.0385,1.2219,17.6569
2025-03-06,C003,Campaign_C003,25-34,iOS,45788,1940,1521.77,129,0.0424,0.7844,11.7967
2025-03-07,C003,Campaign_C003,35-44,Android,76210,3254,4197.29,61,0.0427,1.2899,68.808
2025-03-08,C003,Campaign_C003,18-24,iOS,49170,1630,369.04,46,0.0332,0.2264,8.0226
2025-03-09,C003,Campaign_C003,18-24,Android,96518,1565,434.53,103,0.0162,0.2777,4.2187
2025-03-10,C003,Campaign_C003,45-54,iOS,16355,549,830.29,33,0.0336,1.5124,25.1603
2025-03-11,C003,Campaign_C003,45-54,Android,8884,134,141.18,11,0.0151,1.0536,12.8345
2025-03-12,C003,Campaign_C003,45-54,iOS,98880,3525,2231.38,351,0.0356,0.633,6.3572
2025-03-13,C003,Campaign_C003,45-54,Android,86090,2435,1914.67,69,0.0283,0.7863,27.7488
2025-03-14,C003,Campaign_C003,35-44,Android,46567,759,489.64,41,0.0163,0.6451,11.9424
2025-03-15,C003,Campaign_C003,35-44,Android,92894,4292,6125.6,45,0.0462,1.4272,136.1244
2025-03-16,C003,Campaign_C003,25-34,iOS,55279,559,826.88,43,0.0101,1.4792,19.2298
2025-03-17,C003,Campaign_C003,35-44,Android,47615,1073,1195.67,76,0.0225,1.1143,15.7325
2025-03-18,C003,Campaign_C003,18-24,Android,24756,482,100.4,16,0.0195,0.2083,6.275
2025-03-19,C003,Campaign_C003,55-64,Android,46716,1458,1839.81,86,0.0312,1.2619,21.3931
2025-03-20,C003,Campaign_C003,18-24,Android,63100,1462,476.92,22,0.0232,0.3262,21.6782
2025-03-21,C003,Campaign_C003,25-34,iOS,37712,728,473.66,16,0.0193,0.6506,29.6038
2025-03-22,C003,Campaign_C003,55-64,Android,67427,544,639.31,13,0.0081,1.1752,49.1777
2025-03-23,C003,Campaign_C003,45-54,Android,42132,999,978.5,23,0.0237,0.9795,42.5435
2025-03-24,C003,Campaign_C003,35-44,iOS,73258,1121,907.36,99,0.0153,0.8094,9.1653
2025-03-25,C003,Campaign_C003,18-24,Android,19633,885,1254.47,65,0.0451,1.4175,19.2995
2025-03-26,C003,Campaign_C003,55-64,Android,40407,1514,2584.12,34,0.0375,1.7068,76.0035
2025-03-27,C003,Campaign_C003,45-54,Android,40893,1125,1959.15,34,0.0275,1.7415,57.6221
2025-03-28,C003,Campaign_C003,45-54,Android,20477,431,290.63,30,0.021,0.6743,9.6877
2025-03-29,C003,Campaign_C003,55-64,Android,27119,1299,972.69,19,0.0479,0.7488,51.1942
2025-03-30,C003,Campaign_C003,18-24,Android,43404,1572,2860.17,125,0.0362,1.8194,22.8814
2025-03-31,C003,Campaign_C003,18-24,iOS,34678,1338,1960.06,104,0.0386,1.4649,18.8467
2025-04-01,C003,Campaign_C003,45-54,iOS,46286,2177,652.17,117,0.047,0.2996,5.5741
2025-04-02,C003,Campaign_C003,35-44,iOS,56856,1538,618.33,107,0.0271,0.402,5.7788
2025-04-03,C003,Campaign_C003,55-64,iOS,84877,1460,2828.1,46,0.0172,1.9371,61.4804
2025-04-04,C003,Campaign_C003,35-44,iOS,29148,468,264.09,24,0.0161,0.5643,11.0037
2025-04-05,C003,Campaign_C003,45-54,Android,99062,914,322.7,13,0.0092,0.3531,24.8231
2025-04-06,C003,Campaign_C003,35-44,iOS,95239,2291,3566.65,161,0.0241,1.5568,22.1531
2025-04-07,C003,Campaign_C003,35-44,Android,42976,609,1163.69,20,0.0142,1.9108,58.1845
2025-04-08,C003,Campaign_C003,35-44,Android,29792,1429,1214.11,42,0.048,0.8496,28.9074
2025-04-09,C003,Campaign_C003,45-54,Android,79468,1916,3343.03,191,0.0241,1.7448,17.5028
2025-04-10,C003,Campaign_C003,25-34,Android,58796,659,922.96,48,0.0112,1.4005,19.2283
2025-04-11,C003,Campaign_C003,25-34,Android,81480,3751,6011.11,264,0.046,1.6025,22.7694
2025-04-12,C003,Campaign_C003,25-34,iOS,20612,530,301.63,26,0.0257,0.5691,11.6012
2025-04-13,C003,Campaign_C003,25-34,Android,88776,4176,1006.07,160,0.047,0.2409,6.2879
2025-04-14,C003,Campaign_C003,25-34,iOS,96862,2444,1228.32,158,0.0252,0.5026,7.7742
2025-04-15,C003,Campaign_C003,18-24,Android,69112,2361,2337.19,217,0.0342,0.9899,10.7705
2025-04-16,C003,Campaign_C003,55-64,iOS,40381,1560,1583.04,61,0.0386,1.0148,25.9515
2025-04-17,C003,Campaign_C003,55-64,iOS,17838,858,1377.75,10,0.0481,1.6058,137.775
2025-04-18,C003,Campaign_C003,18-24,Android,8624,230,136.2,12,0.0267,0.5922,11.35
2025-04-19,C003,Campaign_C003,25-34,iOS,26218,667,901.32,12,0.0254,1.3513,75.11
2025-04-20,C003,Campaign_C003,18-24,Android,94728,865,1132.57,31,0.0091,1.3093,36.5345
2025-04-21,C003,Campaign_C003,45-54,Android,2219,51,74.23,3,0.023,1.4555,24.7433
2025-04-22,C003,Campaign_C003,55-64,Android,85450,1458,2031.51,32,0.0171,1.3934,63.4847
2025-04-23,C003,Campaign_C003,18-24,iOS,13003,181,204.1,9,0.0139,1.1276,22.6778
2025-04-24,C003,Campaign_C003,18-24,iOS,83685,632,505.84,61,0.0076,0.8004,8.2925
2025-04-25,C003,Campaign_C003,25-34,Android,26199,1086,1911.64,70,0.0415,1.7603,27.3091
2025-04-26,C003,Campaign_C003,45-54,iOS,61254,385,342.97,12,0.0063,0.8908,28.5808
2025-04-27,C003,Campaign_C003,18-24,iOS,40097,1110,1391.45,91,0.0277,1.2536,15.2907
2025-04-28,C003,Campaign_C003,45-54,Android,65192,3149,656.52,73,0.0483,0.2085,8.9934
2025-04-29,C003,Campaign_C003,35-44,iOS,61845,728,723.68,37,0.0118,0.9941,19.5589
2025-04-30,C003,Campaign_C003,45-54,Android,28902,945,1179.03,74,0.0327,1.2477,15.9328
2025-05-01,C003,Campaign_C003,45-54,iOS,1969,47,43.32,1,0.0239,0.9217,43.32
2025-05-02,C003,Campaign_C003,55-64,Android,42292,1407,2582.38,42,0.0333,1.8354,61.4852
2025-05-03,C003,Campaign_C003,55-64,Android,9300,276,160.65,4,0.0297,0.5821,40.1625
2025-05-04,C003,Campaign_C003,45-54,Android,76337,1136,1434.8,59,0.0149,1.263,24.3186
2025-05-05,C003,Campaign_C003,18-24,iOS,62649,1009,1083.07,69,0.0161,1.0734,15.6967
2025-05-06,C003,Campaign_C003,25-34,Android,33698,244,344.75,9,0.0072,1.4129,38.3056
2025-05-07,C003,Campaign_C003,35-44,Android,96554,3305,4819.34,320,0.0342,1.4582,15.0604
2025-05-08,C003,Campaign_C003,25-34,iOS,7561,106,27.85,1,0.014,0.2627,27.85
2025-05-09,C003,Campaign_C003,25-34,iOS,55521,368,65.27,6,0.0066,0.1774,10.8783
2025-05-10,C003,Campaign_C003,18-24,Android,30262,1164,716.62,38,0.0385,0.6157,18.8584
2025-05-11,C003,Campaign_C003,25-34,Android,74485,414,777.79,33,0.0056,1.8787,23.5694
2025-05-12,C003,Campaign_C003,35-44,iOS,97098,4311,908.48,142,0.0444,0.2107,6.3977
2025-05-13,C003,Campaign_C003,25-34,iOS,72494,3310,1906.27,116,0.0457,0.5759,16.4334
2025-05-14,C003,Campaign_C003,55-64,iOS,64657,2940,3989.86,193,0.0455,1.3571,20.6728
2025-05-15,C003,Campaign_C003,25-34,Android,15792,303,277.03,25,0.0192,0.9143,11.0812
2025-05-16,C003,Campaign_C003,35-44,iOS,97229,3442,5600.65,42,0.0354,1.6271,133.3488
2025-05-17,C003,Campaign_C003,45-54,iOS,79777,1389,1139.61,105,0.0174,0.8205,10.8534
2025-05-18,C003,Campaign_C003,25-34,Android,32014,1363,833.64,55,0.0426,0.6116,15.1571
2025-05-19,C003,Campaign_C003,45-54,Android,12264,147,263.25,3,0.012,1.7908,87.75
2025-05-20,C003,Campaign_C003,45-54,Android,19876,451,217.24,37,0.0227,0.4817,5.8714
2025-05-21,C003,Campaign_C003,18-24,iOS,33410,865,205.43,26,0.0259,0.2375,7.9012
2025-05-22,C003,Campaign_C003,25-34,iOS,87504,2395,3345.6,168,0.0274,1.3969,19.9143
2025-05-23,C003,Campaign_C003,45-54,Android,22992,692,140.24,28,0.0301,0.2027,5.0086
2025-05-24,C003,Campaign_C003,35-44,iOS,57000,2739,4538.39,161,0.0481,1.657,28.1888
2025-05-25,C003,Campaign_C003,35-44,iOS,10690,486,816.05,5,0.0455,1.6791,163.21
2025-05-26,C003,Campaign_C003,18-24,iOS,30420,633,631.52,30,0.0208,0.9977,21.0507
2025-05-27,C003,Campaign_C003,25-34,Android,49687,607,879.61,47,0.0122,1.4491,18.7151
2025-05-28,C003,Campaign_C003,18-24,iOS,66226,2764,3786.62,145,0.0417,1.37,26.1146
2025-05-29,C003,Campaign_C003,18-24,Android,31567,1242,2286.29,75,0.0393,1.8408,30.4839
2025-05-30,C003,Campaign_C003,45-54,Android,12649,460,828.08,45,0.0364,1.8002,18.4018
2025-05-31,C003,Campaign_C003,55-64,Android,8420,360,706.34,19,0.0428,1.9621,37.1758
2025-06-01,C003,Campaign_C003,18-24,Android,70168,1481,2706.51,82,0.0211,1.8275,33.0062
2025-06-02,C003,Campaign_C003,25-34,Android,65844,2614,2126.04,69,0.0397,0.8133,30.8122
2025-06-03,C003,Campaign_C003,35-44,iOS,4598,25,11.17,1,0.0054,0.4468,11.17
2025-06-04,C003,Campaign_C003,25-34,iOS,66409,649,638.48,24,0.0098,0.9838,26.6033
2025-06-05,C003,Campaign_C003,55-64,Android,53761,1663,175.73,157,0.0309,0.1057,1.1193
2025-06-06,C003,Campaign_C003,18-24,Android,90280,1852,234.35,74,0.0205,0.1265,3.1669
2025-06-07,C003,Campaign_C003,35-44,iOS,8670,55,63.98,4,0.0063,1.1633,15.995
2025-02-28,C004,Campaign_C004,35-44,Android,30227,642,1282.01,31,0.0212,1.9969,41.3552
2025-03-01,C004,Campaign_C004,18-24,Android,59741,2805,2186.37,260,0.047,0.7795,8.4091
2025-03-02,C004,Campaign_C004,18-24,iOS,4353,156,205.91,2,0.0358,1.3199,102.955
2025-03-03,C004,Campaign_C004,25-34,Android,82865,1633,2828.5,112,0.0197,1.7321,25.2545
2025-03-04,C004,Campaign_C004,35-44,iOS,29210,793,593.69,43,0.0271,0.7487,13.8067
2025-03-05,C004,Campaign_C004,55-64,iOS,89686,3294,748.94,184,0.0367,0.2274,4.0703
2025-03-06,C004,Campaign_C004,55-64,iOS,33184,261,234.25,6,0.0079,0.8975,39.0417
2025-03-07,C004,Campaign_C004,25-34,Android,67297,2556,470.08,234,0.038,0.1839,2.0089
2025-03-08,C004,Campaign_C004,45-54,Android,91949,3368,2233.73,236,0.0366,0.6632,9.465
2025-03-09,C004,Campaign_C004,25-34,Android,78008,1004,1009.12,89,0.0129,1.0051,11.3384
2025-03-10,C004,Campaign_C004,18-24,Android,43124,1192,1527.76,75,0.0276,1.2817,20.3701
2025-03-11,C004,Campaign_C004,55-64,Android,55957,792,1169.15,18,0.0142,1.4762,64.9528
2025-03-12,C004,Campaign_C004,45-54,Android,78941,869,1131.76,30,0.011,1.3024,37.7253
2025-03-13,C004,Campaign_C004,25-34,iOS,49072,1475,2092.97,114,0.0301,1.419,18.3594
2025-03-14,C004,Campaign_C004,45-54,Android,80117,1806,642.38,35,0.0225,0.3557,18.3537
2025-03-15,C004,Campaign_C004,45-54,Android,80542,904,939.61,22,0.0112,1.0394,42.7095
2025-03-16,C004,Campaign_C004,35-44,iOS,45825,1894,2345.08,47,0.0413,1.2382,49.8953
2025-03-17,C004,Campaign_C004,45-54,Android,32455,1440,708.68,57,0.0444,0.4921,12.433
2025-03-18,C004,Campaign_C004,45-54,Android,25755,228,278.41,22,0.0089,1.2211,12.655
2025-03-19,C004,Campaign_C004,25-34,iOS,38962,1441,274.88,68,0.037,0.1908,4.0424
2025-03-20,C004,Campaign_C004,45-54,iOS,32889,1125,948.25,93,0.0342,0.8429,10.1962
2025-03-21,C004,Campaign_C004,18-24,iOS,62947,944,1664.8,30,0.015,1.7636,55.4933
2025-03-22,C004,Campaign_C004,35-44,Android,46058,2191,4187.92,172,0.0476,1.9114,24.3484
2025-03-23,C004,Campaign_C004,45-54,iOS,13775,152,101.21,1,0.011,0.6659,101.21
2025-03-24,C004,Campaign_C004,35-44,Android,80401,990,1212.45,37,0.0123,1.2247,32.7689
2025-03-25,C004,Campaign_C004,55-64,iOS,61358,1113,1294.21,40,0.0181,1.1628,32.3552
2025-03-26,C004,Campaign_C004,35-44,iOS,10026,369,424.46,7,0.0368,1.1503,60.6371
2025-03-27,C004,Campaign_C004,25-34,iOS,58195,2639,441.05,27,0.0453,0.1671,16.3352
2025-03-28,C004,Campaign_C004,35-44,Android,67131,481,396.92,22,0.0072,0.8252,18.0418
2025-03-29,C004,Campaign_C004,25-34,Android,79359,2399,4183.33,80,0.0302,1.7438,52.2916
2025-03-30,C004,Campaign_C004,18-24,iOS,15709,161,42.22,14,0.0102,0.2622,3.0157
2025-03-31,C004,Campaign_C004,18-24,iOS,94627,3815,3702.31,222,0.0403,0.9705,16.6771
2025-04-01,C004,Campaign_C004,25-34,Android,5472,245,67.43,5,0.0448,0.2752,13.486
2025-04-02,C004,Campaign_C004,25-34,Android,78420,2756,811.72,271,0.0351,0.2945,2.9953
2025-04-03,C004,Campaign_C004,35-44,Android,19189,139,84.24,9,0.0072,0.606,9.36
2025-04-04,C004,Campaign_C004,45-54,Android,83180,1767,1928.58,127,0.0212,1.0914,15.1857
2025-04-05,C004,Campaign_C004,35-44,iOS,39914,1263,138.18,57,0.0316,0.1094,2.4242
2025-04-06,C004,Campaign_C004,25-34,iOS,53535,411,809.26,11,0.0077,1.969,73.5691
2025-04-07,C004,Campaign_C004,25-34,Android,31122,971,1047.27,54,0.0312,1.0785,19.3939
2025-04-08,C004,Campaign_C004,35-44,Android,7243,113,53.83,8,0.0156,0.4764,6.7287
2025-04-09,C004,Campaign_C004,55-64,iOS,8863,418,62.54,11,0.0472,0.1496,5.6855
2025-04-10,C004,Campaign_C004,45-54,Android,97050,1767,2210.86,27,0.0182,1.2512,81.8837
2025-04-11,C004,Campaign_C004,35-44,Android,16270,369,215.11,12,0.0227,0.583,17.9258
2025-04-12,C004,Campaign_C004,35-44,iOS,74545,2058,2214.69,110,0.0276,1.0761,20.1335
2025-04-13,C004,Campaign_C004,35-44,iOS,28968,345,549.72,10,0.0119,1.5934,54.972
2025-04-14,C004,Campaign_C004,18-24,Android,21169,555,926.88,26,0.0262,1.6701,35.6492
2025-04-15,C004,Campaign_C004,45-54,iOS,86212,928,1720.12,20,0.0108,1.8536,86.006
2025-04-16,C004,Campaign_C004,35-44,Android,82881,1858,3125.99,37,0.0224,1.6824,84.4862
2025-04-17,C004,Campaign_C004,18-24,Android,24886,1130,497.05,47,0.0454,0.4399,10.5755
2025-04-18,C004,Campaign_C004,55-64,iOS,92651,2985,3212.65,181,0.0322,1.0763,17.7494
2025-04-19,C004,Campaign_C004,45-54,Android,15094,689,1374.13,37,0.0456,1.9944,37.1386
2025-04-20,C004,Campaign_C004,25-34,Android,8871,82,50.77,1,0.0092,0.6191,50.77
2025-04-21,C004,Campaign_C004,35-44,iOS,23998,303,282.9,27,0.0126,0.9337,10.4778
2025-04-22,C004,Campaign_C004,35-44,iOS,21801,514,71.9,24,0.0236,0.1399,2.9958
2025-04-23,C004,Campaign_C004,25-34,Android,8105,380,136.59,33,0.0469,0.3594,4.1391
2025-04-24,C004,Campaign_C004,25-34,iOS,96758,4450,3024.92,276,0.046,0.6798,10.9599
2025-04-25,C004,Campaign_C004,45-54,Android,14725,723,939.82,18,0.0491,1.2999,52.2122
2025-04-26,C004,Campaign_C004,45-54,Android,81182,704,204.57,32,0.0087,0.2906,6.3928
2025-04-27,C004,Campaign_C004,18-24,iOS,11326,492,923.93,21,0.0434,1.8779,43.9967
2025-04-28,C004,Campaign_C004,25-34,Android,69317,1025,1978.49,11,0.0148,1.9302,179.8627
2025-04-29,C004,Campaign_C004,18-24,iOS,9933,341,273.35,21,0.0343,0.8016,13.0167
2025-04-30,C004,Campaign_C004,35-44,Android,14711,640,659.78,54,0.0435,1.0309,12.2181
2025-05-01,C004,Campaign_C004,45-54,Android,20876,898,206.92,79,0.043,0.2304,2.6192
2025-05-02,C004,Campaign_C004,35-44,iOS,62512,505,685.57,47,0.0081,1.3576,14.5866
2025-05-03,C004,Campaign_C004,45-54,Android,39342,1282,879.99,119,0.0326,0.6864,7.3949
2025-05-04,C004,Campaign_C004,18-24,Android,43671,828,1464.92,56,0.019,1.7692,26.1593
2025-05-05,C004,Campaign_C004,25-34,Android,97355,1274,2325.97,106,0.0131,1.8257,21.9431
2025-05-06,C004,Campaign_C004,55-64,Android,94487,1446,2068.0,103,0.0153,1.4302,20.0777
2025-05-07,C004,Campaign_C004,18-24,iOS,47022,361,393.23,6,0.0077,1.0893,65.5383
2025-05-08,C004,Campaign_C004,45-54,Android,45364,1682,1488.21,161,0.0371,0.8848,9.2435
2025-05-09,C004,Campaign_C004,45-54,Android,20354,849,1528.4,61,0.0417,1.8002,25.0557
2025-05-10,C004,Campaign_C004,45-54,iOS,53728,979,1841.36,63,0.0182,1.8809,29.2279
2025-05-11,C004,Campaign_C004,55-64,iOS,71739,1113,240.68,74,0.0155,0.2162,3.2524
2025-05-12,C004,Campaign_C004,45-54,iOS,4634,212,134.84,3,0.0457,0.636,44.9467
2025-05-13,C004,Campaign_C004,35-44,Android,17105,171,309.38,4,0.01,1.8092,77.345
2025-05-14,C004,Campaign_C004,18-24,iOS,35095,1724,611.58,54,0.0491,0.3547,11.3256
2025-05-15,C004,Campaign_C004,25-34,Android,35312,1081,176.91,76,0.0306,0.1637,2.3278
2025-05-16,C004,Campaign_C004,35-44,iOS,86293,4272,4450.76,354,0.0495,1.0418,12.5728
2025-05-17,C004,Campaign_C004,18-24,iOS,19484,892,1367.54,10,0.0458,1.5331,136.754
2025-05-18,C004,Campaign_C004,25-34,iOS,45283,816,1457.62,50,0.018,1.7863,29.1524
2025-05-19,C004,Campaign_C004,18-24,iOS,7594,57,24.49,2,0.0075,0.4296,12.245
2025-05-20,C004,Campaign_C004,18-24,iOS,52554,2421,3150.38,97,0.0461,1.3013,32.4781
2025-05-21,C004,Campaign_C004,25-34,iOS,98196,3316,2439.8,207,0.0338,0.7358,11.7865
2025-05-22,C004,Campaign_C004,18-24,Android,61035,2744,703.6,137,0.045,0.2564,5.1358
2025-05-23,C004,Campaign_C004,35-44,iOS,70856,1244,2189.44,100,0.0176,1.76,21.8944
2025-05-24,C004,Campaign_C004,35-44,iOS,78817,909,418.45,81,0.0115,0.4603,5.166
2025-05-25,C004,Campaign_C004,18-24,Android,65939,420,581.96,6,0.0064,1.3856,96.9933
2025-05-26,C004,Campaign_C004,45-54,iOS,2527,61,91.35,1,0.0241,1.4975,91.35
2025-05-27,C004,Campaign_C004,35-44,iOS,16444,730,95.86,30,0.0444,0.1313,3.1953
2025-05-28,C004,Campaign_C004,45-54,Android,75553,3641,6614.81,244,0.0482,1.8168,27.1099
2025-05-29,C004,Campaign_C004,35-44,Android,58586,2586,2951.06,158,0.0441,1.1412,18.6776
2025-05-30,C004,Campaign_C004,25-34,iOS,55761,2576,1626.45,59,0.0462,0.6314,27.5669
2025-05-31,C004,Campaign_C004,35-44,Android,83866,2223,1943.63,118,0.0265,0.8743,16.4714
2025-06-01,C004,Campaign_C004,35-44,iOS,91932,3806,2973.49,316,0.0414,0.7813,9.4098
2025-06-02,C004,Campaign_C004,45-54,iOS,52803,1069,1405.64,78,0.0202,1.3149,18.021
2025-06-03,C004,Campaign_C004,18-24,iOS,69263,3373,4841.1,243,0.0487,1.4353,19.9222
2025-06-04,C004,Campaign_C004,45-54,iOS,39640,286,503.43,20,0.0072,1.7602,25.1715
2025-06-05,C004,Campaign_C004,35-44,Android,37476,786,956.83,38,0.021,1.2173,25.1797
2025-06-06,C004,Campaign_C004,45-54,Android,10686,457,357.55,13,0.0428,0.7824,27.5038
2025-06-07,C004,Campaign_C004,25-34,iOS,32174,513,714.44,44,0.0159,1.3927,16.2373
2025-02-28,C005,Campaign_C005,25-34,Android,39663,1625,272.05,66,0.041,0.1674,4.122
2025-03-01,C005,Campaign_C005,35-44,iOS,6451,213,369.73,10,0.033,1.7358,36.973
2025-03-02,C005,Campaign_C005,18-24,Android,65052,2994,4015.29,151,0.046,1.3411,26.5913
2025-03-03,C005,Campaign_C005,45-54,Android,71593,2219,3216.08,180,0.031,1.4493,17.8671
2025-03-04,C005,Campaign_C005,45-54,Android,68547,2048,944.66,34,0.0299,0.4613,27.7841
2025-03-05,C005,Campaign_C005,25-34,iOS,56746,651,71.33,42,0.0115,0.1096,1.6983
2025-03-06,C005,Campaign_C005,18-24,Android,76337,3618,4721.66,267,0.0474,1.305,17.6841
2025-03-07,C005,Campaign_C005,55-64,Android,71811,2037,3009.04,179,0.0284,1.4772,16.8103
2025-03-08,C005,Campaign_C005,25-34,Android,98647,1982,539.72,112,0.0201,0.2723,4.8189
2025-03-09,C005,Campaign_C005,25-34,Android,70186,3031,4394.22,231,0.0432,1.4498,19.0226
2025-03-10,C005,Campaign_C005,25-34,iOS,62518,1530,429.86,52,0.0245,0.281,8.2665
2025-03-11,C005,Campaign_C005,45-54,Android,30491,1375,2398.37,137,0.0451,1.7443,17.5064
2025-03-12,C005,Campaign_C005,55-64,iOS,14321,395,446.59,21,0.0276,1.1306,21.2662
2025-03-13,C005,Campaign_C005,55-64,iOS,78869,1229,1870.43,84,0.0156,1.5219,22.267
2025-03-14,C005,Campaign_C005,18-24,Android,61329,1211,1550.52,64,0.0197,1.2804,24.2269
2025-03-15,C005,Campaign_C005,25-34,Android,54692,2558,3170.98,124,0.0468,1.2396,25.5724
2025-03-16,C005,Campaign_C005,35-44,iOS,85836,2388,686.55,174,0.0278,0.2875,3.9457
2025-03-17,C005,Campaign_C005,35-44,iOS,8805,215,95.25,7,0.0244,0.443,13.6071
2025-03-18,C005,Campaign_C005,25-34,Android,82449,3072,2050.36,106,0.0373,0.6674,19.343
2025-03-19,C005,Campaign_C005,55-64,Android,93325,3125,1848.12,309,0.0335,0.5914,5.981
2025-03-20,C005,Campaign_C005,18-24,iOS,62345,759,825.29,25,0.0122,1.0873,33.0116
2025-03-21,C005,Campaign_C005,18-24,Android,96265,504,774.53,7,0.0052,1.5368,110.6471
2025-03-22,C005,Campaign_C005,45-54,iOS,54331,1000,1751.41,72,0.0184,1.7514,24.3251
2025-03-23,C005,Campaign_C005,45-54,iOS,48482,520,887.46,9,0.0107,1.7067,98.6067
2025-03-24,C005,Campaign_C005,35-44,Android,4971,172,207.47,3,0.0346,1.2062,69.1567
2025-03-25,C005,Campaign_C005,25-34,iOS,71981,3450,5051.46,210,0.0479,1.4642,24.0546
2025-03-26,C005,Campaign_C005,35-44,iOS,99703,951,268.61,42,0.0095,0.2825,6.3955
2025-03-27,C005,Campaign_C005,55-64,iOS,20811,918,1635.76,37,0.0441,1.7819,44.2097
2025-03-28,C005,Campaign_C005,18-24,iOS,74736,2401,733.15,60,0.0321,0.3054,12.2192
2025-03-29,C005,Campaign_C005,45-54,Android,47830,728,511.54,45,0.0152,0.7027,11.3676
2025-03-30,C005,Campaign_C005,18-24,Android,22904,682,1149.06,39,0.0298,1.6848,29.4631
2025-03-31,C005,Campaign_C005,55-64,Android,14297,155,206.18,11,0.0108,1.3302,18.7436
2025-04-01,C005,Campaign_C005,35-44,iOS,61923,2985,5802.16,65,0.0482,1.9438,89.264
2025-04-02,C005,Campaign_C005,18-24,iOS,70887,3255,1529.41,213,0.0459,0.4699,7.1803
2025-04-03,C005,Campaign_C005,25-34,Android,26016,970,698.33,87,0.0373,0.7199,8.0268
2025-04-04,C005,Campaign_C005,18-24,iOS,16848,709,161.63,46,0.0421,0.228,3.5137
2025-04-05,C005,Campaign_C005,18-24,Android,29249,167,216.56,16,0.0057,1.2968,13.535
2025-04-06,C005,Campaign_C005,18-24,iOS,7473,360,580.26,17,0.0482,1.6118,34.1329
2025-04-07,C005,Campaign_C005,18-24,Android,43562,1313,267.88,14,0.0301,0.204,19.1343
2025-04-08,C005,Campaign_C005,55-64,Android,79685,3955,2820.37,230,0.0496,0.7131,12.2625
2025-04-09,C005,Campaign_C005,25-34,iOS,3446,128,98.11,2,0.0371,0.7665,49.055
2025-04-10,C005,Campaign_C005,35-44,iOS,74487,2749,4800.08,132,0.0369,1.7461,36.3642
2025-04-11,C005,Campaign_C005,18-24,Android,39429,1781,463.44,56,0.0452,0.2602,8.2757
2025-04-12,C005,Campaign_C005,35-44,Android,34104,986,232.45,70,0.0289,0.2358,3.3207
2025-04-13,C005,Campaign_C005,55-64,iOS,46170,830,924.72,38,0.018,1.1141,24.3347
2025-04-14,C005,Campaign_C005,35-44,iOS,22040,135,154.49,8,0.0061,1.1444,19.3113
2025-04-15,C005,Campaign_C005,18-24,iOS,82326,1217,1278.36,83,0.0148,1.0504,15.4019
2025-04-16,C005,Campaign_C005,55-64,iOS,23033,231,312.16,7,0.01,1.3513,44.5943
2025-04-17,C005,Campaign_C005,45-54,iOS,20530,410,613.27,8,0.02,1.4958,76.6587
2025-04-18,C005,Campaign_C005,18-24,iOS,19983,294,283.27,7,0.0147,0.9635,40.4671
2025-04-19,C005,Campaign_C005,35-44,Android,72268,1361,1919.14,17,0.0188,1.4101,112.8906
2025-04-20,C005,Campaign_C005,55-64,iOS,20800,156,237.06,3,0.0075,1.5196,79.02
2025-04-21,C005,Campaign_C005,45-54,Android,42218,1804,978.35,64,0.0427,0.5423,15.2867
2025-04-22,C005,Campaign_C005,45-54,Android,53941,2158,3456.42,198,0.04,1.6017,17.4567
2025-04-23,C005,Campaign_C005,18-24,Android,56469,1986,822.94,187,0.0352,0.4144,4.4007
2025-04-24,C005,Campaign_C005,25-34,Android,69405,3278,4981.66,311,0.0472,1.5197,16.0182
2025-04-25,C005,Campaign_C005,25-34,Android,17842,180,152.03,17,0.0101,0.8446,8.9429
2025-04-26,C005,Campaign_C005,18-24,iOS,17430,683,665.88,8,0.0392,0.9749,83.235
2025-04-27,C005,Campaign_C005,35-44,iOS,94779,2961,2712.25,162,0.0312,0.916,16.7423
2025-04-28,C005,Campaign_C005,45-54,Android,79916,812,499.22,19,0.0102,0.6148,26.2747
2025-04-29,C005,Campaign_C005,25-34,Android,86718,941,484.4,66,0.0109,0.5148,7.3394
2025-04-30,C005,Campaign_C005,35-44,Android,10749,288,28.92,3,0.0268,0.1004,9.64
2025-05-01,C005,Campaign_C005,18-24,iOS,83903,4081,1095.49,367,0.0486,0.2684,2.985
2025-05-02,C005,Campaign_C005,35-44,Android,67149,1355,480.09,15,0.0202,0.3543,32.006
2025-05-03,C005,Campaign_C005,25-34,Android,49736,708,253.93,69,0.0142,0.3587,3.6801
2025-05-04,C005,Campaign_C005,55-64,Android,54177,2451,450.39,217,0.0452,0.1838,2.0755
2025-05-05,C005,Campaign_C005,18-24,iOS,4799,163,270.72,2,0.034,1.6609,135.36
2025-05-06,C005,Campaign_C005,25-34,Android,94335,2040,3072.68,49,0.0216,1.5062,62.7078
2025-05-07,C005,Campaign_C005,55-64,iOS,38027,324,512.03,19,0.0085,1.5803,26.9489
2025-05-08,C005,Campaign_C005,35-44,iOS,85517,506,367.91,26,0.0059,0.7271,14.1504
2025-05-09,C005,Campaign_C005,45-54,iOS,73420,903,1169.39,53,0.0123,1.295,22.064
2025-05-10,C005,Campaign_C005,25-34,iOS,79873,2687,1272.22,48,0.0336,0.4735,26.5046
2025-05-11,C005,Campaign_C005,25-34,iOS,64776,2332,4135.32,26,0.036,1.7733,159.0508
2025-05-12,C005,Campaign_C005,55-64,Android,15194,469,228.75,18,0.0309,0.4877,12.7083
2025-05-13,C005,Campaign_C005,45-54,iOS,1023,13,17.56,1,0.0127,1.3508,17.56
2025-05-14,C005,Campaign_C005,55-64,iOS,92872,1669,647.85,133,0.018,0.3882,4.8711
2025-05-15,C005,Campaign_C005,55-64,iOS,6152,150,227.21,8,0.0244,1.5147,28.4013
2025-05-16,C005,Campaign_C005,25-34,Android,73702,2772,1353.81,53,0.0376,0.4884,25.5436
2025-05-17,C005,Campaign_C005,45-54,iOS,56352,1009,830.0,59,0.0179,0.8226,14.0678
2025-05-18,C005,Campaign_C005,18-24,Android,37136,731,497.76,46,0.0197,0.6809,10.8209
2025-05-19,C005,Campaign_C005,25-34,Android,58458,2021,2449.18,102,0.0346,1.2119,24.0116
2025-05-20,C005,Campaign_C005,55-64,Android,22075,882,437.29,48,0.04,0.4958,9.1102
2025-05-21,C005,Campaign_C005,18-24,iOS,34692,598,113.07,56,0.0172,0.1891,2.0191
2025-05-22,C005,Campaign_C005,45-54,Android,28807,1148,793.25,111,0.0399,0.691,7.1464
2025-05-23,C005,Campaign_C005,45-54,iOS,14634,345,74.66,19,0.0236,0.2164,3.9295
2025-05-24,C005,Campaign_C005,18-24,iOS,28421,1159,1016.23,49,0.0408,0.8768,20.7394
2025-05-25,C005,Campaign_C005,55-64,iOS,24949,379,526.47,35,0.0152,1.3891,15.042
2025-05-26,C005,Campaign_C005,18-24,Android,53830,360,151.23,23,0.0067,0.4201,6.5752
2025-05-27,C005,Campaign_C005,18-24,Android,76755,2002,1868.77,195,0.0261,0.9335,9.5834
2025-05-28,C005,Campaign_C005,45-54,Android,31540,822,321.89,53,0.0261,0.3916,6.0734
2025-05-29,C005,Campaign_C005,55-64,Android,95817,3187,2890.8,81,0.0333,0.9071,35.6889
2025-05-30,C005,Campaign_C005,25-34,iOS,68427,688,1091.24,66,0.0101,1.5861,16.5339
2025-05-31,C005,Campaign_C005,55-64,iOS,73602,2953,4757.81,90,0.0401,1.6112,52.8646
2025-06-01,C005,Campaign_C005,25-34,Android,56766,426,234.75,33,0.0075,0.5511,7.1136
2025-06-02,C005,Campaign_C005,45-54,Android,63497,2813,4379.88,115,0.0443,1.557,38.0859
2025-06-03,C005,Campaign_C005,55-64,iOS,87864,3627,4696.63,46,0.0413,1.2949,102.1007
2025-06-04,C005,Campaign_C005,45-54,Android,79848,3491,2340.91,305,0.0437,0.6706,7.6751
2025-06-05,C005,Campaign_C005,45-54,iOS,64763,1019,987.89,33,0.0157,0.9695,29.9361
2025-06-06,C005,Campaign_C005,55-64,iOS,59904,957,746.61,66,0.016,0.7802,11.3123
2025-06-07,C005,Campaign_C005,45-54,iOS,44818,377,40.52,22,0.0084,0.1075,1.8418
2025-02-28,C006,Campaign_C006,45-54,iOS,67393,3341,1178.94,94,0.0496,0.3529,12.5419
2025-03-01,C006,Campaign_C006,18-24,iOS,48556,1436,2194.16,114,0.0296,1.528,19.247
2025-03-02,C006,Campaign_C006,45-54,Android,96429,3277,2093.72,91,0.034,0.6389,23.0079
2025-03-03,C006,Campaign_C006,25-34,Android,98571,3342,5366.68,162,0.0339,1.6058,33.1277
2025-03-04,C006,Campaign_C006,25-34,iOS,23336,118,74.2,2,0.0051,0.6288,37.1
2025-03-05,C006,Campaign_C006,35-44,Android,77057,1257,1930.79,33,0.0163,1.536,58.5088
2025-03-06,C006,Campaign_C006,45-54,Android,2461,21,20.64,1,0.0085,0.9829,20.64
2025-03-07,C006,Campaign_C006,25-34,iOS,78182,3563,4282.95,123,0.0456,1.2021,34.8207
2025-03-08,C006,Campaign_C006,18-24,iOS,17517,485,805.42,18,0.0277,1.6607,44.7456
2025-03-09,C006,Campaign_C006,18-24,iOS,32134,712,1254.59,20,0.0222,1.7621,62.7295
2025-03-10,C006,Campaign_C006,45-54,Android,4637,143,212.97,2,0.0308,1.4893,106.485
2025-03-11,C006,Campaign_C006,35-44,iOS,79433,1937,401.29,74,0.0244,0.2072,5.4228
2025-03-12,C006,Campaign_C006,18-24,iOS,4115,194,343.66,11,0.0471,1.7714,31.2418
2025-03-13,C006,Campaign_C006,18-24,iOS,41794,1729,256.14,21,0.0414,0.1481,12.1971
2025-03-14,C006,Campaign_C006,35-44,iOS,21724,303,152.16,12,0.0139,0.5022,12.68
2025-03-15,C006,Campaign_C006,18-24,Android,91989,1231,1215.25,42,0.0134,0.9872,28.9345
2025-03-16,C006,Campaign_C006,25-34,iOS,64905,2766,4966.94,150,0.0426,1.7957,33.1129
2025-03-17,C006,Campaign_C006,55-64,iOS,56655,1508,803.87,51,0.0266,0.5331,15.7622
2025-03-18,C006,Campaign_C006,55-64,Android,72651,954,1257.6,40,0.0131,1.3182,31.44
2025-03-19,C006,Campaign_C006,45-54,iOS,65852,2454,4526.0,81,0.0373,1.8443,55.8765
2025-03-20,C006,Campaign_C006,25-34,iOS,15682,191,87.6,12,0.0122,0.4586,7.3
2025-03-21,C006,Campaign_C006,35-44,iOS,32867,1177,1985.36,86,0.0358,1.6868,23.0856
2025-03-22,C006,Campaign_C006,45-54,Android,10272,204,206.77,3,0.0199,1.0136,68.9233
2025-03-23,C006,Campaign_C006,25-34,iOS,66520,2442,3473.63,113,0.0367,1.4225,30.7401
2025-03-24,C006,Campaign_C006,55-64,iOS,58498,2683,2222.92,76,0.0459,0.8285,29.2489
2025-03-25,C006,Campaign_C006,45-54,iOS,44367,1865,1536.65,27,0.042,0.8239,56.913
2025-03-26,C006,Campaign_C006,35-44,Android,61363,1632,2794.16,151,0.0266,1.7121,18.5044
2025-03-27,C006,Campaign_C006,25-34,iOS,94587,1741,2826.77,82,0.0184,1.6236,34.4728
2025-03-28,C006,Campaign_C006,55-64,iOS,79855,1286,1607.87,74,0.0161,1.2503,21.728
2025-03-29,C006,Campaign_C006,18-24,Android,45804,1565,1508.94,76,0.0342,0.9642,19.8545
2025-03-30,C006,Campaign_C006,55-64,iOS,79239,1311,1700.44,104,0.0165,1.2971,16.3504
2025-03-31,C006,Campaign_C006,35-44,iOS,97552,1062,2003.01,36,0.0109,1.8861,55.6392
2025-04-01,C006,Campaign_C006,45-54,Android,4774,215,425.07,8,0.045,1.9771,53.1337
2025-04-02,C006,Campaign_C006,55-64,Android,59888,2350,2717.44,62,0.0392,1.1564,43.8297
2025-04-03,C006,Campaign_C006,45-54,Android,90186,659,414.89,6,0.0073,0.6296,69.1483
2025-04-04,C006,Campaign_C006,45-54,iOS,70171,3054,4117.45,224,0.0435,1.3482,18.3815
2025-04-05,C006,Campaign_C006,18-24,iOS,35548,981,1574.48,12,0.0276,1.605,131.2067
2025-04-06,C006,Campaign_C006,45-54,iOS,72477,912,1243.17,39,0.0126,1.3631,31.8762
2025-04-07,C006,Campaign_C006,55-64,Android,30827,1452,1738.09,60,0.0471,1.197,28.9682
2025-04-08,C006,Campaign_C006,35-44,Android,79859,566,379.32,52,0.0071,0.6702,7.2946
2025-04-09,C006,Campaign_C006,55-64,Android,70750,635,675.18,11,0.009,1.0633,61.38
2025-04-10,C006,Campaign_C006,35-44,iOS,53754,1090,1870.91,67,0.0203,1.7164,27.924
2025-04-11,C006,Campaign_C006,25-34,Android,37304,1178,2197.7,94,0.0316,1.8656,23.3798
2025-04-12,C006,Campaign_C006,35-44,Android,99969,1720,514.67,166,0.0172,0.2992,3.1004
2025-04-13,C006,Campaign_C006,45-54,iOS,66081,866,1527.37,26,0.0131,1.7637,58.745
2025-04-14,C006,Campaign_C006,35-44,Android,91508,3925,4849.69,49,0.0429,1.2356,98.9733
2025-04-15,C006,Campaign_C006,25-34,iOS,12565,515,647.65,13,0.041,1.2576,49.8192
2025-04-16,C006,Campaign_C006,25-34,iOS,80546,2640,2162.87,149,0.0328,0.8193,14.5159
2025-04-17,C006,Campaign_C006,35-44,iOS,52439,1074,1979.52,39,0.0205,1.8431,50.7569
2025-04-18,C006,Campaign_C006,55-64,iOS,17497,118,131.7,5,0.0067,1.1161,26.34
2025-04-19,C006,Campaign_C006,55-64,Android,56323,2313,2795.07,224,0.0411,1.2084,12.478
2025-04-20,C006,Campaign_C006,18-24,iOS,74791,806,445.95,30,0.0108,0.5533,14.865
2025-04-21,C006,Campaign_C006,18-24,iOS,85060,3830,1923.45,215,0.045,0.5022,8.9463
2025-04-22,C006,Campaign_C006,18-24,iOS,83794,2894,4118.09,151,0.0345,1.423,27.2721
2025-04-23,C006,Campaign_C006,18-24,Android,48002,1471,662.44,130,0.0306,0.4503,5.0957
2025-04-24,C006,Campaign_C006,25-34,iOS,30332,648,1089.21,23,0.0214,1.6809,47.357
2025-04-25,C006,Campaign_C006,25-34,iOS,71570,2338,693.02,147,0.0327,0.2964,4.7144
2025-04-26,C006,Campaign_C006,25-34,Android,19472,669,1040.25,62,0.0344,1.5549,16.7782
2025-04-27,C006,Campaign_C006,55-64,Android,74376,1792,525.1,35,0.0241,0.293,15.0029
2025-04-28,C006,Campaign_C006,25-34,iOS,56287,2600,3990.17,72,0.0462,1.5347,55.419
2025-04-29,C006,Campaign_C006,55-64,Android,25280,233,205.67,9,0.0092,0.8827,22.8522
2025-04-30,C006,Campaign_C006,18-24,Android,40103,1319,2399.7,15,0.0329,1.8193,159.98
2025-05-01,C006,Campaign_C006,18-24,iOS,89854,776,1428.59,65,0.0086,1.841,21.9783
2025-05-02,C006,Campaign_C006,25-34,iOS,2777,36,25.28,3,0.013,0.7022,8.4267
2025-05-03,C006,Campaign_C006,35-44,Android,31180,283,75.43,16,0.0091,0.2665,4.7144
2025-05-04,C006,Campaign_C006,18-24,iOS,28753,341,678.76,22,0.0119,1.9905,30.8527
2025-05-05,C006,Campaign_C006,25-34,Android,9751,265,76.97,8,0.0272,0.2905,9.6212
2025-05-06,C006,Campaign_C006,55-64,iOS,19452,945,1869.59,33,0.0486,1.9784,56.6542
2025-05-07,C006,Campaign_C006,18-24,Android,67547,625,515.69,48,0.0093,0.8251,10.7435
2025-05-08,C006,Campaign_C006,45-54,Android,5655,233,54.18,16,0.0412,0.2325,3.3862
2025-05-09,C006,Campaign_C006,35-44,Android,95181,3627,641.6,359,0.0381,0.1769,1.7872
2025-05-10,C006,Campaign_C006,35-44,iOS,60219,1930,1504.31,153,0.032,0.7794,9.8321
2025-05-11,C006,Campaign_C006,45-54,Android,45091,1681,2322.26,164,0.0373,1.3815,14.1601
2025-05-12,C006,Campaign_C006,35-44,Android,92650,3173,4309.25,261,0.0342,1.3581,16.5105
2025-05-13,C006,Campaign_C006,18-24,Android,92274,4388,939.16,278,0.0476,0.214,3.3783
2025-05-14,C006,Campaign_C006,45-54,Android,73842,497,851.71,38,0.0067,1.7137,22.4134
2025-05-15,C006,Campaign_C006,35-44,Android,55672,2566,1317.43,87,0.0461,0.5134,15.1429
2025-05-16,C006,Campaign_C006,25-34,Android,8052,322,580.78,27,0.04,1.8037,21.5104
2025-05-17,C006,Campaign_C006,18-24,Android,22493,689,846.21,66,0.0306,1.2282,12.8214
2025-05-18,C006,Campaign_C006,55-64,Android,57225,789,793.53,74,0.0138,1.0057,10.7234
2025-05-19,C006,Campaign_C006,45-54,iOS,93062,3871,5679.28,308,0.0416,1.4671,18.4392
2025-05-20,C006,Campaign_C006,35-44,Android,98735,4703,8359.42,398,0.0476,1.7775,21.0036
2025-05-21,C006,Campaign_C006,35-44,Android,93858,3579,7109.56,240,0.0381,1.9865,29.6232
2025-05-22,C006,Campaign_C006,25-34,iOS,49343,2327,2304.16,26,0.0472,0.9902,88.6215
2025-05-23,C006,Campaign_C006,45-54,Android,4079,34,35.5,2,0.0083,1.0441,17.75
2025-05-24,C006,Campaign_C006,18-24,Android,68051,2004,1587.4,66,0.0294,0.7921,24.0515
2025-05-25,C006,Campaign_C006,45-54,iOS,41738,1674,3101.54,74,0.0401,1.8528,41.9127
2025-05-26,C006,Campaign_C006,55-64,iOS,72853,2100,2922.77,68,0.0288,1.3918,42.9819
2025-05-27,C006,Campaign_C006,25-34,Android,74547,1694,961.01,154,0.0227,0.5673,6.2403
2025-05-28,C006,Campaign_C006,18-24,Android,66101,2521,1131.0,166,0.0381,0.4486,6.8133
2025-05-29,C006,Campaign_C006,25-34,iOS,10992,327,558.24,12,0.0297,1.7072,46.52
2025-05-30,C006,Campaign_C006,25-34,Android,30646,726,266.85,50,0.0237,0.3676,5.337
2025-05-31,C006,Campaign_C006,25-34,iOS,42006,1674,843.66,106,0.0399,0.504,7.9591
2025-06-01,C006,Campaign_C006,35-44,Android,49092,895,743.16,79,0.0182,0.8303,9.4071
2025-06-02,C006,Campaign_C006,25-34,Android,44034,1833,2816.91,65,0.0416,1.5368,43.3371
2025-06-03,C006,Campaign_C006,45-54,Android,35747,538,229.74,19,0.0151,0.427,12.0916
2025-06-04,C006,Campaign_C006,45-54,Android,35336,894,1039.78,52,0.0253,1.1631,19.9958
2025-06-05,C006,Campaign_C006,55-64,iOS,91422,2787,1881.68,153,0.0305,0.6752,12.2986
2025-06-06,C006,Campaign_C006,55-64,Android,61119,2052,844.61,122,0.0336,0.4116,6.923
2025-06-07,C006,Campaign_C006,45-54,Android,59808,1963,969.92,167,0.0328,0.4941,5.8079
2025-02-28,C007,Campaign_C007,55-64,iOS,89808,2142,214.54,165,0.0239,0.1002,1.3002
2025-03-01,C007,Campaign_C007,18-24,iOS,1518,45,74.44,1,0.0296,1.6542,74.44
2025-03-02,C007,Campaign_C007,55-64,Android,19000,577,1062.77,46,0.0304,1.8419,23.1037
2025-03-03,C007,Campaign_C007,18-24,Android,96903,591,763.4,22,0.0061,1.2917,34.7
2025-03-04,C007,Campaign_C007,18-24,iOS,96250,2451,2750.64,42,0.0255,1.1223,65.4914
2025-03-05,C007,Campaign_C007,35-44,Android,53769,821,1034.31,23,0.0153,1.2598,44.97
2025-03-06,C007,Campaign_C007,55-64,Android,88356,3359,4807.78,222,0.038,1.4313,21.6567
2025-03-07,C007,Campaign_C007,25-34,Android,36702,1117,1674.02,41,0.0304,1.4987,40.8298
2025-03-08,C007,Campaign_C007,55-64,Android,35727,773,681.02,18,0.0216,0.881,37.8344
2025-03-09,C007,Campaign_C007,45-54,Android,11012,151,116.55,10,0.0137,0.7719,11.655
2025-03-10,C007,Campaign_C007,25-34,iOS,26305,201,267.03,16,0.0076,1.3285,16.6894
2025-03-11,C007,Campaign_C007,35-44,Android,75861,1241,1433.12,112,0.0164,1.1548,12.7957
2025-03-12,C007,Campaign_C007,18-24,iOS,78428,1827,3321.78,114,0.0233,1.8182,29.1384
2025-03-13,C007,Campaign_C007,45-54,iOS,69327,2199,755.35,130,0.0317,0.3435,5.8104
2025-03-14,C007,Campaign_C007,45-54,iOS,56304,2118,3213.54,117,0.0376,1.5173,27.4662
2025-03-15,C007,Campaign_C007,55-64,Android,51515,2386,622.84,236,0.0463,0.261,2.6392
2025-03-16,C007,Campaign_C007,18-24,Android,41457,1714,394.18,87,0.0413,0.23,4.5308
2025-03-17,C007,Campaign_C007,18-24,Android,56912,1364,2529.45,102,0.024,1.8544,24.7985
2025-03-18,C007,Campaign_C007,18-24,iOS,68192,2581,3248.7,71,0.0378,1.2587,45.7563
2025-03-19,C007,Campaign_C007,35-44,Android,39527,1522,1664.22,145,0.0385,1.0934,11.4774
2025-03-20,C007,Campaign_C007,55-64,Android,90526,1220,1210.07,109,0.0135,0.9919,11.1016
2025-03-21,C007,Campaign_C007,25-34,Android,76959,772,1107.54,27,0.01,1.4346,41.02
2025-03-22,C007,Campaign_C007,35-44,Android,54899,1436,197.71,23,0.0262,0.1377,8.5961
2025-03-23,C007,Campaign_C007,18-24,iOS,90870,1368,1153.41,48,0.0151,0.8431,24.0294
2025-03-24,C007,Campaign_C007,18-24,Android,50011,426,54.94,36,0.0085,0.129,1.5261
2025-03-25,C007,Campaign_C007,45-54,Android,98155,1038,2026.14,40,0.0106,1.952,50.6535
2025-03-26,C007,Campaign_C007,45-54,iOS,64089,2707,2146.08,84,0.0422,0.7928,25.5486
2025-03-27,C007,Campaign_C007,45-54,Android,79477,3751,6786.95,258,0.0472,1.8094,26.306
2025-03-28,C007,Campaign_C007,18-24,iOS,64968,412,784.12,9,0.0063,1.9032,87.1244
2025-03-29,C007,Campaign_C007,25-34,Android,33183,213,169.4,7,0.0064,0.7953,24.2
2025-03-30,C007,Campaign_C007,18-24,iOS,39499,1738,525.2,119,0.044,0.3022,4.4134
2025-03-31,C007,Campaign_C007,45-54,Android,8140,93,130.2,4,0.0114,1.4,32.55
2025-04-01,C007,Campaign_C007,18-24,iOS,5998,85,107.51,4,0.0142,1.2648,26.8775
2025-04-02,C007,Campaign_C007,55-64,iOS,8912,146,159.13,13,0.0164,1.0899,12.2408
2025-04-03,C007,Campaign_C007,25-34,iOS,48612,1042,1155.69,52,0.0214,1.1091,22.2248
2025-04-04,C007,Campaign_C007,35-44,Android,34294,1226,1241.18,72,0.0357,1.0124,17.2386
2025-04-05,C007,Campaign_C007,18-24,iOS,29565,873,1286.34,46,0.0295,1.4735,27.9639
2025-04-06,C007,Campaign_C007,45-54,Android,24283,533,998.88,30,0.0219,1.8741,33.296
2025-04-07,C007,Campaign_C007,35-44,iOS,17496,762,753.84,74,0.0436,0.9893,10.187
2025-04-08,C007,Campaign_C007,45-54,Android,23365,865,532.33,81,0.037,0.6154,6.572
2025-04-09,C007,Campaign_C007,18-24,Android,46601,1888,1426.88,67,0.0405,0.7558,21.2967
2025-04-10,C007,Campaign_C007,18-24,iOS,76144,902,1581.47,12,0.0118,1.7533,131.7892
2025-04-11,C007,Campaign_C007,35-44,Android,60405,1217,1460.13,116,0.0201,1.1998,12.5873
2025-04-12,C007,Campaign_C007,55-64,iOS,36517,981,352.23,16,0.0269,0.3591,22.0144
2025-04-13,C007,Campaign_C007,35-44,iOS,17600,822,774.9,24,0.0467,0.9427,32.2875
2025-04-14,C007,Campaign_C007,25-34,Android,95772,3348,5453.01,153,0.035,1.6287,35.6406
2025-04-15,C007,Campaign_C007,25-34,Android,98659,1184,1809.12,18,0.012,1.528,100.5067
2025-04-16,C007,Campaign_C007,55-64,Android,16073,462,157.59,13,0.0287,0.3411,12.1223
2025-04-17,C007,Campaign_C007,45-54,Android,62092,1828,535.51,143,0.0294,0.2929,3.7448
2025-04-18,C007,Campaign_C007,55-64,iOS,82887,836,679.75,11,0.0101,0.8131,61.7955
2025-04-19,C007,Campaign_C007,18-24,Android,99253,4401,5828.3,112,0.0443,1.3243,52.0384
2025-04-20,C007,Campaign_C007,45-54,iOS,49791,1116,1596.2,31,0.0224,1.4303,51.4903
2025-04-21,C007,Campaign_C007,55-64,iOS,58622,348,422.42,17,0.0059,1.2139,24.8482
2025-04-22,C007,Campaign_C007,45-54,Android,56163,786,202.68,20,0.014,0.2579,10.134
2025-04-23,C007,Campaign_C007,18-24,iOS,21868,902,539.4,14,0.0412,0.598,38.5286
2025-04-24,C007,Campaign_C007,35-44,iOS,8308,161,141.35,9,0.0194,0.878,15.7056
2025-04-25,C007,Campaign_C007,55-64,Android,83514,1462,335.39,135,0.0175,0.2294,2.4844
2025-04-26,C007,Campaign_C007,25-34,iOS,65359,2459,2089.41,182,0.0376,0.8497,11.4803
2025-04-27,C007,Campaign_C007,35-44,Android,41324,1387,1287.35,116,0.0336,0.9282,11.0978
2025-04-28,C007,Campaign_C007,18-24,iOS,67161,347,455.06,5,0.0052,1.3114,91.012
2025-04-29,C007,Campaign_C007,18-24,iOS,80958,2736,3741.62,81,0.0338,1.3676,46.1928
2025-04-30,C007,Campaign_C007,18-24,Android,80561,1867,3032.86,141,0.0232,1.6245,21.5096
2025-05-01,C007,Campaign_C007,18-24,Android,69269,2635,2483.96,197,0.038,0.9427,12.6089
2025-05-02,C007,Campaign_C007,35-44,iOS,56492,618,1101.12,43,0.0109,1.7817,25.6074
2025-05-03,C007,Campaign_C007,55-64,iOS,69207,2148,3799.76,186,0.031,1.769,20.4288
2025-05-04,C007,Campaign_C007,45-54,iOS,88435,2434,2358.02,198,0.0275,0.9688,11.9092
2025-05-05,C007,Campaign_C007,45-54,Android,9587,338,221.0,27,0.0353,0.6538,8.1852
2025-05-06,C007,Campaign_C007,55-64,iOS,19412,234,404.34,9,0.0121,1.7279,44.9267
2025-05-07,C007,Campaign_C007,18-24,iOS,86780,2206,2708.44,118,0.0254,1.2278,22.9529
2025-05-08,C007,Campaign_C007,25-34,Android,67128,825,346.39,31,0.0123,0.4199,11.1739
2025-05-09,C007,Campaign_C007,25-34,iOS,87081,2829,4651.75,104,0.0325,1.6443,44.7284
2025-05-10,C007,Campaign_C007,35-44,Android,79619,1109,1728.26,105,0.0139,1.5584,16.4596
2025-05-11,C007,Campaign_C007,35-44,iOS,51683,1548,214.57,56,0.03,0.1386,3.8316
2025-05-12,C007,Campaign_C007,45-54,Android,61921,2272,4299.39,25,0.0367,1.8923,171.9756
2025-05-13,C007,Campaign_C007,18-24,iOS,72344,2791,3686.88,138,0.0386,1.321,26.7165
2025-05-14,C007,Campaign_C007,18-24,iOS,35453,498,263.57,10,0.014,0.5293,26.357
2025-05-15,C007,Campaign_C007,18-24,iOS,28799,1344,513.56,73,0.0467,0.3821,7.0351
2025-05-16,C007,Campaign_C007,55-64,Android,24008,821,730.74,64,0.0342,0.8901,11.4178
2025-05-17,C007,Campaign_C007,35-44,Android,12504,165,304.24,15,0.0132,1.8439,20.2827
2025-05-18,C007,Campaign_C007,55-64,Android,43898,1664,359.09,118,0.0379,0.2158,3.0431
2025-05-19,C007,Campaign_C007,55-64,Android,14272,205,107.37,19,0.0144,0.5238,5.6511
2025-05-20,C007,Campaign_C007,18-24,iOS,9969,163,113.73,8,0.0164,0.6977,14.2163
2025-05-21,C007,Campaign_C007,35-44,Android,38399,518,869.67,36,0.0135,1.6789,24.1575
2025-05-22,C007,Campaign_C007,25-34,Android,2066,85,128.02,5,0.0411,1.5061,25.604
2025-05-23,C007,Campaign_C007,25-34,iOS,46730,803,898.8,28,0.0172,1.1193,32.1
2025-05-24,C007,Campaign_C007,25-34,Android,79031,3192,4041.44,249,0.0404,1.2661,16.2307
2025-05-25,C007,Campaign_C007,45-54,iOS,21303,860,321.18,58,0.0404,0.3735,5.5376
2025-05-26,C007,Campaign_C007,18-24,iOS,76248,2591,4460.3,173,0.034,1.7215,25.7821
2025-05-27,C007,Campaign_C007,55-64,iOS,45734,401,792.78,23,0.0088,1.977,34.4687
2025-05-28,C007,Campaign_C007,55-64,Android,99498,2425,506.62,152,0.0244,0.2089,3.333
2025-05-29,C007,Campaign_C007,25-34,Android,89425,2735,4068.33,223,0.0306,1.4875,18.2436
2025-05-30,C007,Campaign_C007,55-64,Android,15091,486,833.58,37,0.0322,1.7152,22.5292
2025-05-31,C007,Campaign_C007,45-54,Android,12224,464,276.93,13,0.038,0.5968,21.3023
2025-06-01,C007,Campaign_C007,25-34,Android,36103,1799,3175.3,116,0.0498,1.765,27.3733
2025-06-02,C007,Campaign_C007,18-24,iOS,47624,1372,2725.72,55,0.0288,1.9867,49.5585
2025-06-03,C007,Campaign_C007,55-64,iOS,14471,678,485.02,24,0.0469,0.7154,20.2092
2025-06-04,C007,Campaign_C007,45-54,iOS,21849,1008,1625.22,92,0.0461,1.6123,17.6654
2025-06-05,C007,Campaign_C007,45-54,Android,24531,333,162.36,14,0.0136,0.4876,11.5971
2025-06-06,C007,Campaign_C007,35-44,Android,93696,1698,2227.47,58,0.0181,1.3118,38.4047
2025-06-07,C007,Campaign_C007,45-54,iOS,45328,787,436.15,37,0.0174,0.5542,11.7878
2025-02-28,C008,Campaign_C008,35-44,Android,53626,2206,779.68,36,0.0411,0.3534,21.6578
2025-03-01,C008,Campaign_C008,55-64,iOS,3854,30,33.39,1,0.0078,1.113,33.39
2025-03-02,C008,Campaign_C008,45-54,iOS,75804,606,490.03,52,0.008,0.8086,9.4237
2025-03-03,C008,Campaign_C008,45-54,Android,85837,4126,2809.5,213,0.0481,0.6809,13.1901
2025-03-04,C008,Campaign_C008,25-34,iOS,17852,309,539.0,22,0.0173,1.7443,24.5
2025-03-05,C008,Campaign_C008,35-44,Android,7893,292,283.11,25,0.037,0.9696,11.3244
2025-03-06,C008,Campaign_C008,18-24,Android,1713,42,35.03,1,0.0245,0.834,35.03
2025-03-07,C008,Campaign_C008,45-54,Android,68883,2996,1805.06,145,0.0435,0.6025,12.4487
2025-03-08,C008,Campaign_C008,55-64,Android,3925,189,267.15,6,0.0482,1.4135,44.525
2025-03-09,C008,Campaign_C008,45-54,Android,25463,343,662.78,23,0.0135,1.9323,28.8165
2025-03-10,C008,Campaign_C008,35-44,Android,38121,1019,771.53,101,0.0267,0.7571,7.6389
2025-03-11,C008,Campaign_C008,18-24,Android,1105,42,65.71,4,0.038,1.5645,16.4275
2025-03-12,C008,Campaign_C008,25-34,iOS,56804,442,51.63,36,0.0078,0.1168,1.4342
2025-03-13,C008,Campaign_C008,55-64,Android,11798,370,174.02,25,0.0314,0.4703,6.9608
2025-03-14,C008,Campaign_C008,45-54,Android,29282,1090,2039.21,29,0.0372,1.8708,70.3176
2025-03-15,C008,Campaign_C008,45-54,iOS,37323,662,934.59,59,0.0177,1.4118,15.8405
2025-03-16,C008,Campaign_C008,45-54,iOS,66580,1195,1000.48,113,0.0179,0.8372,8.8538
2025-03-17,C008,Campaign_C008,55-64,iOS,38508,1586,1852.69,76,0.0412,1.1682,24.3775
2025-03-18,C008,Campaign_C008,35-44,iOS,87618,3706,459.75,339,0.0423,0.1241,1.3562
2025-03-19,C008,Campaign_C008,18-24,iOS,87560,3149,1311.51,120,0.036,0.4165,10.9292
2025-03-20,C008,Campaign_C008,45-54,Android,5584,42,45.83,3,0.0075,1.0912,15.2767
2025-03-21,C008,Campaign_C008,55-64,Android,48307,2318,2996.07,112,0.048,1.2925,26.7506
2025-03-22,C008,Campaign_C008,18-24,Android,17455,518,947.46,18,0.0297,1.8291,52.6367
2025-03-23,C008,Campaign_C008,45-54,Android,8662,137,84.87,2,0.0158,0.6195,42.435
2025-03-24,C008,Campaign_C008,25-34,Android,44500,506,696.06,5,0.0114,1.3756,139.212
2025-03-25,C008,Campaign_C008,35-44,iOS,83105,1596,938.63,151,0.0192,0.5881,6.2161
2025-03-26,C008,Campaign_C008,18-24,iOS,68509,2256,3778.67,23,0.0329,1.6749,164.29
2025-03-27,C008,Campaign_C008,25-34,Android,57593,2681,2200.17,115,0.0466,0.8207,19.1319
2025-03-28,C008,Campaign_C008,18-24,iOS,91884,1994,1876.61,82,0.0217,0.9411,22.8855
2025-03-29,C008,Campaign_C008,55-64,iOS,39344,455,70.21,24,0.0116,0.1543,2.9254
2025-03-30,C008,Campaign_C008,55-64,iOS,99039,4460,5364.23,358,0.045,1.2027,14.9839
2025-03-31,C008,Campaign_C008,55-64,Android,69776,3223,4392.57,205,0.0462,1.3629,21.4272
2025-04-01,C008,Campaign_C008,18-24,Android,18504,628,524.19,26,0.0339,0.8347,20.1612
2025-04-02,C008,Campaign_C008,25-34,Android,22815,330,183.4,15,0.0145,0.5558,12.2267
2025-04-03,C008,Campaign_C008,35-44,Android,73619,2842,4998.21,251,0.0386,1.7587,19.9132
2025-04-04,C008,Campaign_C008,35-44,Android,62120,1295,1601.21,43,0.0208,1.2365,37.2374
2025-04-05,C008,Campaign_C008,18-24,Android,11561,178,59.62,15,0.0154,0.3349,3.9747
2025-04-06,C008,Campaign_C008,35-44,Android,84094,2218,2057.69,36,0.0264,0.9277,57.1581
2025-04-07,C008,Campaign_C008,55-64,Android,91187,1791,1854.72,124,0.0196,1.0356,14.9574
2025-04-08,C008,Campaign_C008,25-34,iOS,51574,401,665.24,38,0.0078,1.659,17.5063
2025-04-09,C008,Campaign_C008,18-24,Android,6511,300,146.76,21,0.0461,0.4892,6.9886
2025-04-10,C008,Campaign_C008,45-54,iOS,39237,941,314.37,42,0.024,0.3341,7.485
2025-04-11,C008,Campaign_C008,18-24,Android,39443,492,288.68,26,0.0125,0.5867,11.1031
2025-04-12,C008,Campaign_C008,35-44,iOS,21233,982,1606.8,48,0.0462,1.6363,33.475
2025-04-13,C008,Campaign_C008,45-54,Android,46380,1063,1009.1,47,0.0229,0.9493,21.4702
2025-04-14,C008,Campaign_C008,45-54,iOS,79868,1297,1389.31,98,0.0162,1.0712,14.1766
2025-04-15,C008,Campaign_C008,35-44,Android,56563,2682,323.72,54,0.0474,0.1207,5.9948
2025-04-16,C008,Campaign_C008,35-44,Android,72236,3149,3843.54,243,0.0436,1.2206,15.817
2025-04-17,C008,Campaign_C008,45-54,Android,95554,2978,1502.19,173,0.0312,0.5044,8.6832
2025-04-18,C008,Campaign_C008,18-24,Android,89099,3387,2316.22,244,0.038,0.6839,9.4927
2025-04-19,C008,Campaign_C008,35-44,Android,26668,927,1430.89,69,0.0348,1.5436,20.7375
2025-04-20,C008,Campaign_C008,25-34,Android,39697,810,594.78,36,0.0204,0.7343,16.5217
2025-04-21,C008,Campaign_C008,25-34,Android,87297,2012,3826.05,196,0.023,1.9016,19.5207
2025-04-22,C008,Campaign_C008,45-54,iOS,84693,994,771.22,29,0.0117,0.7759,26.5938
2025-04-23,C008,Campaign_C008,35-44,iOS,34823,1658,1058.02,41,0.0476,0.6381,25.8054
2025-04-24,C008,Campaign_C008,35-44,iOS,86697,885,700.63,21,0.0102,0.7917,33.3633
2025-04-25,C008,Campaign_C008,25-34,Android,25418,1163,782.07,97,0.0458,0.6725,8.0626
2025-04-26,C008,Campaign_C008,25-34,Android,5847,267,423.81,15,0.0457,1.5873,28.254
2025-04-27,C008,Campaign_C008,45-54,iOS,24397,1035,618.48,12,0.0424,0.5976,51.54
2025-04-28,C008,Campaign_C008,18-24,Android,26774,135,45.33,9,0.005,0.3358,5.0367
2025-04-29,C008,Campaign_C008,35-44,iOS,95167,1087,1259.94,106,0.0114,1.1591,11.8862
2025-04-30,C008,Campaign_C008,55-64,iOS,77134,854,1215.14,70,0.0111,1.4229,17.3591
2025-05-01,C008,Campaign_C008,55-64,Android,16933,603,628.02,43,0.0356,1.0415,14.6051
2025-05-02,C008,Campaign_C008,25-34,iOS,17397,100,76.21,8,0.0057,0.7621,9.5262
2025-05-03,C008,Campaign_C008,45-54,iOS,82261,3422,545.22,185,0.0416,0.1593,2.9471
2025-05-04,C008,Campaign_C008,45-54,iOS,89668,1515,2477.94,37,0.0169,1.6356,66.9714
2025-05-05,C008,Campaign_C008,55-64,Android,49212,896,797.49,58,0.0182,0.8901,13.7498
2025-05-06,C008,Campaign_C008,45-54,iOS,33021,1085,126.19,15,0.0329,0.1163,8.4127
2025-05-07,C008,Campaign_C008,45-54,Android,11166,204,77.15,16,0.0183,0.3782,4.8219
2025-05-08,C008,Campaign_C008,18-24,iOS,34969,1111,820.79,71,0.0318,0.7388,11.5604
2025-05-09,C008,Campaign_C008,18-24,iOS,70967,811,266.43,57,0.0114,0.3285,4.6742
2025-05-10,C008,Campaign_C008,25-34,Android,72469,765,1350.84,33,0.0106,1.7658,40.9345
2025-05-11,C008,Campaign_C008,45-54,iOS,72515,1104,240.18,50,0.0152,0.2176,4.8036
2025-05-12,C008,Campaign_C008,18-24,iOS,6931,97,11.03,5,0.014,0.1137,2.206
2025-05-13,C008,Campaign_C008,35-44,iOS,63339,953,1266.71,91,0.015,1.3292,13.9199
2025-05-14,C008,Campaign_C008,25-34,iOS,61180,1295,2213.73,34,0.0212,1.7094,65.1097
2025-05-15,C008,Campaign_C008,35-44,iOS,82848,530,1023.6,10,0.0064,1.9313,102.36
2025-05-16,C008,Campaign_C008,35-44,Android,81892,2426,983.88,120,0.0296,0.4056,8.199
2025-05-17,C008,Campaign_C008,35-44,iOS,17389,255,160.66,17,0.0147,0.63,9.4506
2025-05-18,C008,Campaign_C008,25-34,iOS,9522,106,123.75,1,0.0111,1.1675,123.75
2025-05-19,C008,Campaign_C008,45-54,iOS,93596,1904,691.01,102,0.0203,0.3629,6.7746
2025-05-20,C008,Campaign_C008,25-34,iOS,67262,1090,120.05,36,0.0162,0.1101,3.3347
2025-05-21,C008,Campaign_C008,18-24,iOS,70353,1964,2935.07,34,0.0279,1.4944,86.3256
2025-05-22,C008,Campaign_C008,45-54,iOS,41526,309,117.91,15,0.0074,0.3816,7.8607
2025-05-23,C008,Campaign_C008,25-34,iOS,23234,982,294.95,88,0.0423,0.3004,3.3517
2025-05-24,C008,Campaign_C008,55-64,iOS,18913,143,112.22,4,0.0076,0.7848,28.055
2025-05-25,C008,Campaign_C008,45-54,iOS,3358,111,29.87,4,0.0331,0.2691,7.4675
2025-05-26,C008,Campaign_C008,45-54,Android,30845,606,607.35,41,0.0196,1.0022,14.8134
2025-05-27,C008,Campaign_C008,45-54,iOS,45688,2202,2295.09,165,0.0482,1.0423,13.9096
2025-05-28,C008,Campaign_C008,18-24,Android,65180,1599,3134.34,140,0.0245,1.9602,22.3881
2025-05-29,C008,Campaign_C008,55-64,iOS,43103,1955,3519.53,45,0.0454,1.8003,78.2118
2025-05-30,C008,Campaign_C008,35-44,Android,29502,284,554.33,9,0.0096,1.9519,61.5922
2025-05-31,C008,Campaign_C008,35-44,Android,91798,4178,5948.03,114,0.0455,1.4237,52.1757
2025-06-01,C008,Campaign_C008,35-44,Android,70321,2054,2512.55,176,0.0292,1.2232,14.2759
2025-06-02,C008,Campaign_C008,45-54,iOS,61390,1443,2622.77,105,0.0235,1.8176,24.9788
2025-06-03,C008,Campaign_C008,25-34,Android,4841,232,88.81,3,0.0479,0.3828,29.6033
2025-06-04,C008,Campaign_C008,25-34,Android,17876,664,642.45,40,0.0371,0.9675,16.0613
2025-06-05,C008,Campaign_C008,25-34,Android,83646,3322,1049.24,56,0.0397,0.3158,18.7364
2025-06-06,C008,Campaign_C008,55-64,iOS,82532,1740,566.81,82,0.0211,0.3258,6.9123
2025-06-07,C008,Campaign_C008,18-24,iOS,67468,3218,6422.71,176,0.0477,1.9959,36.4927
2025-02-28,C009,Campaign_C009,18-24,iOS,39582,1831,2958.91,148,0.0463,1.616,19.9926
2025-03-01,C009,Campaign_C009,25-34,iOS,11260,454,194.67,19,0.0403,0.4288,10.2458
2025-03-02,C009,Campaign_C009,25-34,Android,99328,1447,1977.14,22,0.0146,1.3664,89.87
2025-03-03,C009,Campaign_C009,35-44,Android,12597,369,461.62,16,0.0293,1.251,28.8513
2025-03-04,C009,Campaign_C009,55-64,Android,30396,497,96.95,37,0.0164,0.1951,2.6203
2025-03-05,C009,Campaign_C009,55-64,Android,5410,270,452.88,26,0.0499,1.6773,17.4185
2025-03-06,C009,Campaign_C009,35-44,iOS,75833,558,280.29,31,0.0074,0.5023,9.0416
2025-03-07,C009,Campaign_C009,45-54,iOS,41828,266,492.04,3,0.0064,1.8498,164.0133
2025-03-08,C009,Campaign_C009,55-64,iOS,50954,1037,1417.94,11,0.0204,1.3673,128.9036
2025-03-09,C009,Campaign_C009,35-44,iOS,12242,419,628.29,31,0.0342,1.4995,20.2674
2025-03-10,C009,Campaign_C009,35-44,Android,25011,691,1292.29,20,0.0276,1.8702,64.6145
2025-03-11,C009,Campaign_C009,18-24,iOS,34304,1696,3228.84,160,0.0494,1.9038,20.1803
2025-03-12,C009,Campaign_C009,25-34,iOS,34634,908,160.27,53,0.0262,0.1765,3.024
2025-03-13,C009,Campaign_C009,25-34,iOS,36788,477,841.16,12,0.013,1.7634,70.0967
2025-03-14,C009,Campaign_C009,18-24,Android,10961,69,39.97,2,0.0063,0.5793,19.985
2025-03-15,C009,Campaign_C009,18-24,Android,44924,1027,992.13,15,0.0229,0.966,66.142
2025-03-16,C009,Campaign_C009,25-34,Android,48484,1827,3248.35,153,0.0377,1.778,21.231
2025-03-17,C009,Campaign_C009,18-24,iOS,72559,1321,1165.62,34,0.0182,0.8824,34.2829
2025-03-18,C009,Campaign_C009,18-24,Android,70863,2016,1554.31,63,0.0284,0.771,24.6716
2025-03-19,C009,Campaign_C009,18-24,Android,43919,776,1393.51,68,0.0177,1.7958,20.4928
2025-03-20,C009,Campaign_C009,18-24,iOS,94109,1306,1195.22,91,0.0139,0.9152,13.1343
2025-03-21,C009,Campaign_C009,18-24,iOS,21756,526,56.28,8,0.0242,0.107,7.035
2025-03-22,C009,Campaign_C009,35-44,Android,36997,1078,892.49,14,0.0291,0.8279,63.7493
2025-03-23,C009,Campaign_C009,55-64,Android,74328,1767,851.68,115,0.0238,0.482,7.4059
2025-03-24,C009,Campaign_C009,55-64,Android,47224,1863,3149.65,160,0.0395,1.6906,19.6853
2025-03-25,C009,Campaign_C009,25-34,iOS,23529,154,114.91,5,0.0065,0.7462,22.982
2025-03-26,C009,Campaign_C009,45-54,iOS,6308,91,178.11,4,0.0144,1.9573,44.5275
2025-03-27,C009,Campaign_C009,45-54,Android,70869,1479,1374.15,116,0.0209,0.9291,11.8461
2025-03-28,C009,Campaign_C009,35-44,Android,98488,4771,1034.23,337,0.0484,0.2168,3.0689
2025-03-29,C009,Campaign_C009,35-44,iOS,86475,463,217.69,30,0.0054,0.4702,7.2563
2025-03-30,C009,Campaign_C009,18-24,iOS,73908,468,828.21,12,0.0063,1.7697,69.0175
2025-03-31,C009,Campaign_C009,35-44,Android,83630,2350,508.59,100,0.0281,0.2164,5.0859
2025-04-01,C009,Campaign_C009,35-44,iOS,93460,1505,2103.76,61,0.0161,1.3978,34.4879
2025-04-02,C009,Campaign_C009,45-54,Android,21466,258,305.92,22,0.012,1.1857,13.9055
2025-04-03,C009,Campaign_C009,35-44,Android,5763,128,226.26,1,0.0222,1.7677,226.26
2025-04-04,C009,Campaign_C009,35-44,iOS,83773,2381,4403.39,50,0.0284,1.8494,88.0678
2025-04-05,C009,Campaign_C009,45-54,iOS,4406,47,51.95,3,0.0107,1.1053,17.3167
2025-04-06,C009,Campaign_C009,35-44,Android,7048,56,46.19,1,0.0079,0.8248,46.19
2025-04-07,C009,Campaign_C009,18-24,iOS,75476,2842,4209.67,80,0.0377,1.4812,52.6209
2025-04-08,C009,Campaign_C009,25-34,Android,35303,1252,1962.04,24,0.0355,1.5671,81.7517
2025-04-09,C009,Campaign_C009,18-24,iOS,15721,117,131.19,7,0.0074,1.1213,18.7414
2025-04-10,C009,Campaign_C009,45-54,iOS,70910,1785,2072.7,101,0.0252,1.1612,20.5218
2025-04-11,C009,Campaign_C009,55-64,iOS,84863,1116,1932.11,25,0.0132,1.7313,77.2844
2025-04-12,C009,Campaign_C009,25-34,Android,72537,2682,468.25,68,0.037,0.1746,6.886
2025-04-13,C009,Campaign_C009,18-24,Android,80856,3500,3791.98,60,0.0433,1.0834,63.1997
2025-04-14,C009,Campaign_C009,25-34,iOS,5211,35,8.67,2,0.0067,0.2477,4.335
2025-04-15,C009,Campaign_C009,35-44,Android,92887,2504,3394.64,126,0.027,1.3557,26.9416
2025-04-16,C009,Campaign_C009,35-44,Android,83513,1230,632.98,45,0.0147,0.5146,14.0662
2025-04-17,C009,Campaign_C009,45-54,Android,71691,2298,1289.52,101,0.0321,0.5611,12.7675
2025-04-18,C009,Campaign_C009,25-34,iOS,89083,2573,742.33,202,0.0289,0.2885,3.6749
2025-04-19,C009,Campaign_C009,55-64,iOS,87822,3520,5718.5,295,0.0401,1.6246,19.3847
2025-04-20,C009,Campaign_C009,55-64,iOS,87769,2076,2738.26,149,0.0237,1.319,18.3776
2025-04-21,C009,Campaign_C009,35-44,Android,50625,2424,1668.17,209,0.0479,0.6882,7.9817
2025-04-22,C009,Campaign_C009,35-44,iOS,24539,967,1393.61,57,0.0394,1.4412,24.4493
2025-04-23,C009,Campaign_C009,45-54,iOS,55428,435,177.27,29,0.0078,0.4075,6.1128
2025-04-24,C009,Campaign_C009,18-24,Android,49352,1718,2599.72,147,0.0348,1.5132,17.6852
2025-04-25,C009,Campaign_C009,55-64,Android,11397,339,333.22,7,0.0297,0.9829,47.6029
2025-04-26,C009,Campaign_C009,35-44,iOS,16660,376,672.59,16,0.0226,1.7888,42.0369
2025-04-27,C009,Campaign_C009,45-54,iOS,98393,3972,2035.88,376,0.0404,0.5126,5.4146
2025-04-28,C009,Campaign_C009,18-24,iOS,28773,1069,1464.25,41,0.0372,1.3697,35.7134
2025-04-29,C009,Campaign_C009,35-44,Android,67286,685,482.72,25,0.0102,0.7047,19.3088
2025-04-30,C009,Campaign_C009,25-34,iOS,49451,751,251.29,27,0.0152,0.3346,9.307
2025-05-01,C009,Campaign_C009,18-24,iOS,45704,271,135.41,17,0.0059,0.4997,7.9653
2025-05-02,C009,Campaign_C009,18-24,Android,79875,2974,2616.33,183,0.0372,0.8797,14.2969
2025-05-03,C009,Campaign_C009,25-34,iOS,69981,1277,916.63,103,0.0182,0.7178,8.8993
2025-05-04,C009,Campaign_C009,18-24,iOS,75969,1622,2460.54,93,0.0214,1.517,26.4574
2025-05-05,C009,Campaign_C009,55-64,Android,46262,1833,1442.21,83,0.0396,0.7868,17.376
2025-05-06,C009,Campaign_C009,35-44,Android,71531,2158,440.25,160,0.0302,0.204,2.7516
2025-05-07,C009,Campaign_C009,18-24,iOS,58945,414,352.76,10,0.007,0.8521,35.276
2025-05-08,C009,Campaign_C009,55-64,iOS,42774,608,883.68,54,0.0142,1.4534,16.3644
2025-05-09,C009,Campaign_C009,25-34,Android,60166,619,521.87,61,0.0103,0.8431,8.5552
2025-05-10,C009,Campaign_C009,25-34,iOS,60691,1445,1400.68,22,0.0238,0.9693,63.6673
2025-05-11,C009,Campaign_C009,35-44,Android,95485,852,1082.14,59,0.0089,1.2701,18.3414
2025-05-12,C009,Campaign_C009,35-44,Android,70376,1998,2403.53,22,0.0284,1.203,109.2514
2025-05-13,C009,Campaign_C009,18-24,Android,4665,148,259.02,11,0.0317,1.7501,23.5473
2025-05-14,C009,Campaign_C009,35-44,iOS,57115,2419,678.56,33,0.0424,0.2805,20.5624
2025-05-15,C009,Campaign_C009,18-24,Android,53442,1122,989.84,39,0.021,0.8822,25.3805
2025-05-16,C009,Campaign_C009,55-64,iOS,97735,4696,3326.79,266,0.048,0.7084,12.5067
2025-05-17,C009,Campaign_C009,45-54,iOS,53509,2189,3430.86,192,0.0409,1.5673,17.8691
2025-05-18,C009,Campaign_C009,18-24,iOS,8020,376,218.76,27,0.0469,0.5818,8.1022
2025-05-19,C009,Campaign_C009,55-64,iOS,96292,1149,573.88,23,0.0119,0.4995,24.9513
2025-05-20,C009,Campaign_C009,18-24,iOS,77540,1020,1633.29,45,0.0132,1.6013,36.2953
2025-05-21,C009,Campaign_C009,45-54,Android,15356,240,254.74,20,0.0156,1.0614,12.737
2025-05-22,C009,Campaign_C009,35-44,iOS,14630,499,160.26,37,0.0341,0.3212,4.3314
2025-05-23,C009,Campaign_C009,35-44,iOS,35295,1611,1913.32,29,0.0456,1.1877,65.9766
2025-05-24,C009,Campaign_C009,55-64,iOS,40499,1067,618.07,70,0.0263,0.5793,8.8296
2025-05-25,C009,Campaign_C009,35-44,Android,68276,2489,2199.38,48,0.0365,0.8836,45.8204
2025-05-26,C009,Campaign_C009,45-54,Android,52558,2256,2332.91,215,0.0429,1.0341,10.8507
2025-05-27,C009,Campaign_C009,18-24,iOS,77389,3366,3539.24,257,0.0435,1.0515,13.7714
2025-05-28,C009,Campaign_C009,18-24,iOS,38938,1138,647.03,54,0.0292,0.5686,11.982
2025-05-29,C009,Campaign_C009,45-54,iOS,96020,4537,4942.16,339,0.0473,1.0893,14.5786
2025-05-30,C009,Campaign_C009,55-64,Android,77651,2149,2451.58,90,0.0277,1.1408,27.2398
2025-05-31,C009,Campaign_C009,55-64,iOS,5979,69,68.31,1,0.0115,0.99,68.31
2025-06-01,C009,Campaign_C009,45-54,iOS,20289,970,1518.53,63,0.0478,1.5655,24.1037
2025-06-02,C009,Campaign_C009,55-64,Android,65475,2980,422.03,43,0.0455,0.1416,9.8147
2025-06-03,C009,Campaign_C009,18-24,iOS,83403,2136,3899.79,114,0.0256,1.8257,34.2087
2025-06-04,C009,Campaign_C009,18-24,Android,67781,2510,4079.25,234,0.037,1.6252,17.4327
2025-06-05,C009,Campaign_C009,45-54,iOS,14665,266,143.1,5,0.0181,0.538,28.62
2025-06-06,C009,Campaign_C009,45-54,iOS,84582,3017,4760.45,95,0.0357,1.5779,50.11
2025-06-07,C009,Campaign_C009,25-34,iOS,20199,860,1077.0,19,0.0426,1.2523,56.6842
2025-02-28,C010,Campaign_C010,35-44,Android,84240,2405,4470.99,187,0.0285,1.859,23.909
2025-03-01,C010,Campaign_C010,25-34,Android,11421,366,293.5,26,0.032,0.8019,11.2885
2025-03-02,C010,Campaign_C010,55-64,iOS,43115,1818,3120.0,115,0.0422,1.7162,27.1304
2025-03-03,C010,Campaign_C010,45-54,iOS,22240,841,980.41,54,0.0378,1.1658,18.1557
2025-03-04,C010,Campaign_C010,25-34,Android,92374,2442,4878.86,166,0.0264,1.9979,29.3907
2025-03-05,C010,Campaign_C010,45-54,Android,42553,1439,2735.86,134,0.0338,1.9012,20.4169
2025-03-06,C010,Campaign_C010,18-24,iOS,69283,1531,980.0,38,0.0221,0.6401,25.7895
2025-03-07,C010,Campaign_C010,18-24,Android,7331,79,15.21,5,0.0108,0.1925,3.042
2025-03-08,C010,Campaign_C010,25-34,Android,43098,916,1224.59,24,0.0213,1.3369,51.0246
2025-03-09,C010,Campaign_C010,35-44,Android,15394,388,697.84,30,0.0252,1.7986,23.2613
2025-03-10,C010,Campaign_C010,35-44,iOS,49712,834,930.61,17,0.0168,1.1158,54.7418
2025-03-11,C010,Campaign_C010,18-24,iOS,96407,749,1145.94,65,0.0078,1.53,17.6298
2025-03-12,C010,Campaign_C010,35-44,iOS,68296,738,1287.03,34,0.0108,1.7439,37.8538
2025-03-13,C010,Campaign_C010,18-24,iOS,38400,1131,375.4,45,0.0295,0.3319,8.3422
2025-03-14,C010,Campaign_C010,45-54,iOS,94249,3243,4354.76,125,0.0344,1.3428,34.8381
2025-03-15,C010,Campaign_C010,55-64,iOS,6561,116,70.33,8,0.0177,0.6063,8.7912
2025-03-16,C010,Campaign_C010,18-24,iOS,30394,672,649.55,42,0.0221,0.9666,15.4655
2025-03-17,C010,Campaign_C010,35-44,iOS,47536,604,324.02,19,0.0127,0.5365,17.0537
2025-03-18,C010,Campaign_C010,45-54,iOS,13286,219,170.61,6,0.0165,0.779,28.435
2025-03-19,C010,Campaign_C010,55-64,Android,51216,1497,1194.43,88,0.0292,0.7979,13.5731
2025-03-20,C010,Campaign_C010,35-44,Android,60028,1008,127.48,13,0.0168,0.1265,9.8062
2025-03-21,C010,Campaign_C010,18-24,Android,58616,2797,1849.96,174,0.0477,0.6614,10.632
2025-03-22,C010,Campaign_C010,35-44,Android,27654,985,817.02,43,0.0356,0.8295,19.0005
2025-03-23,C010,Campaign_C010,25-34,iOS,8462,256,90.3,3,0.0303,0.3527,30.1
2025-03-24,C010,Campaign_C010,45-54,Android,3951,28,19.39,1,0.0071,0.6925,19.39
2025-03-25,C010,Campaign_C010,35-44,iOS,87400,4011,4903.94,55,0.0459,1.2226,89.1625
2025-03-26,C010,Campaign_C010,55-64,Android,64519,2970,1708.84,87,0.046,0.5754,19.6418
2025-03-27,C010,Campaign_C010,35-44,Android,55371,1616,2049.61,24,0.0292,1.2683,85.4004
2025-03-28,C010,Campaign_C010,18-24,iOS,49748,2141,3695.33,28,0.043,1.726,131.9761
2025-03-29,C010,Campaign_C010,35-44,Android,95436,843,1384.04,20,0.0088,1.6418,69.202
2025-03-30,C010,Campaign_C010,45-54,Android,93857,750,833.8,57,0.008,1.1117,14.6281
2025-03-31,C010,Campaign_C010,18-24,iOS,2626,66,53.14,3,0.0251,0.8052,17.7133
2025-04-01,C010,Campaign_C010,25-34,Android,13063,161,291.79,14,0.0123,1.8124,20.8421
2025-04-02,C010,Campaign_C010,55-64,iOS,26608,242,60.03,22,0.0091,0.2481,2.7286
2025-04-03,C010,Campaign_C010,18-24,iOS,25753,760,289.52,16,0.0295,0.3809,18.095
2025-04-04,C010,Campaign_C010,45-54,Android,80446,2169,1594.78,188,0.027,0.7353,8.4829
2025-04-05,C010,Campaign_C010,35-44,Android,10755,89,148.84,3,0.0083,1.6724,49.6133
2025-04-06,C010,Campaign_C010,18-24,iOS,25658,1016,1893.84,52,0.0396,1.864,36.42
2025-04-07,C010,Campaign_C010,35-44,iOS,31253,1292,177.99,102,0.0413,0.1378,1.745
2025-04-08,C010,Campaign_C010,55-64,Android,18051,218,293.68,11,0.0121,1.3472,26.6982
2025-04-09,C010,Campaign_C010,18-24,iOS,41376,1826,911.78,173,0.0441,0.4993,5.2704
2025-04-10,C010,Campaign_C010,25-34,Android,2636,112,93.66,2,0.0425,0.8362,46.83
2025-04-11,C010,Campaign_C010,25-34,Android,16522,690,1143.86,27,0.0418,1.6578,42.3652
2025-04-12,C010,Campaign_C010,35-44,iOS,35539,581,311.12,46,0.0163,0.5355,6.7635
2025-04-13,C010,Campaign_C010,45-54,Android,77056,2591,3680.05,131,0.0336,1.4203,28.092
2025-04-14,C010,Campaign_C010,25-34,iOS,43657,297,74.94,3,0.0068,0.2523,24.98
2025-04-15,C010,Campaign_C010,55-64,Android,71682,534,794.29,28,0.0074,1.4874,28.3675
2025-04-16,C010,Campaign_C010,55-64,iOS,66952,3269,1541.24,131,0.0488,0.4715,11.7652
2025-04-17,C010,Campaign_C010,25-34,iOS,1275,32,50.97,3,0.0251,1.5928,16.99
2025-04-18,C010,Campaign_C010,18-24,Android,37463,454,401.73,28,0.0121,0.8849,14.3475
2025-04-19,C010,Campaign_C010,35-44,Android,41483,880,136.68,16,0.0212,0.1553,8.5425
2025-04-20,C010,Campaign_C010,25-34,iOS,13826,688,888.55,24,0.0498,1.2915,37.0229
2025-04-21,C010,Campaign_C010,45-54,iOS,53723,324,102.45,9,0.006,0.3162,11.3833
2025-04-22,C010,Campaign_C010,45-54,iOS,20295,572,1032.23,7,0.0282,1.8046,147.4614
2025-04-23,C010,Campaign_C010,45-54,iOS,47124,1662,742.74,68,0.0353,0.4469,10.9226
2025-04-24,C010,Campaign_C010,45-54,Android,75011,791,140.05,77,0.0105,0.1771,1.8188
2025-04-25,C010,Campaign_C010,55-64,iOS,89572,2493,4880.82,172,0.0278,1.9578,28.3769
2025-04-26,C010,Campaign_C010,18-24,iOS,25071,521,766.64,13,0.0208,1.4715,58.9723
2025-04-27,C010,Campaign_C010,25-34,Android,55572,2581,4889.43,89,0.0464,1.8944,54.9374
2025-04-28,C010,Campaign_C010,45-54,iOS,22071,930,972.34,33,0.0421,1.0455,29.4648
2025-04-29,C010,Campaign_C010,45-54,iOS,90910,3979,1190.85,168,0.0438,0.2993,7.0884
2025-04-30,C010,Campaign_C010,18-24,iOS,99177,3044,2758.99,289,0.0307,0.9064,9.5467
2025-05-01,C010,Campaign_C010,18-24,Android,83930,3998,4841.07,383,0.0476,1.2109,12.6399
2025-05-02,C010,Campaign_C010,35-44,iOS,69422,829,1645.01,67,0.0119,1.9843,24.5524
2025-05-03,C010,Campaign_C010,18-24,Android,51278,508,543.47,25,0.0099,1.0698,21.7388
2025-05-04,C010,Campaign_C010,18-24,Android,65669,1553,1474.23,71,0.0236,0.9493,20.7638
2025-05-05,C010,Campaign_C010,18-24,Android,16500,805,251.63,55,0.0488,0.3126,4.5751
2025-05-06,C010,Campaign_C010,25-34,Android,7568,80,60.61,4,0.0106,0.7576,15.1525
2025-05-07,C010,Campaign_C010,25-34,iOS,77216,3340,2421.83,127,0.0433,0.7251,19.0695
2025-05-08,C010,Campaign_C010,18-24,Android,58281,1012,1353.25,56,0.0174,1.3372,24.1652
2025-05-09,C010,Campaign_C010,55-64,Android,13404,506,771.57,45,0.0377,1.5248,17.146
2025-05-10,C010,Campaign_C010,45-54,iOS,64467,1315,1431.77,47,0.0204,1.0888,30.4632
2025-05-11,C010,Campaign_C010,45-54,Android,99439,580,65.31,41,0.0058,0.1126,1.5929
2025-05-12,C010,Campaign_C010,18-24,iOS,75796,1142,612.45,65,0.0151,0.5363,9.4223
2025-05-13,C010,Campaign_C010,55-64,Android,78028,469,675.72,6,0.006,1.4408,112.62
2025-05-14,C010,Campaign_C010,25-34,Android,86637,3462,4375.95,88,0.04,1.264,49.7267
2025-05-15,C010,Campaign_C010,45-54,iOS,15707,675,731.6,22,0.043,1.0839,33.2545
2025-05-16,C010,Campaign_C010,55-64,iOS,68768,2699,3819.11,263,0.0392,1.415,14.5213
2025-05-17,C010,Campaign_C010,18-24,iOS,50429,1600,2144.78,31,0.0317,1.3405,69.1865
2025-05-18,C010,Campaign_C010,25-34,Android,99460,3201,550.08,206,0.0322,0.1718,2.6703
2025-05-19,C010,Campaign_C010,55-64,iOS,85033,1818,638.37,46,0.0214,0.3511,13.8776
2025-05-20,C010,Campaign_C010,45-54,iOS,71284,2856,1589.73,179,0.0401,0.5566,8.8812
2025-05-21,C010,Campaign_C010,55-64,iOS,21626,215,409.9,15,0.0099,1.9065,27.3267
2025-05-22,C010,Campaign_C010,25-34,iOS,78441,3187,1509.23,172,0.0406,0.4736,8.7746
2025-05-23,C010,Campaign_C010,55-64,Android,59669,2785,3482.11,205,0.0467,1.2503,16.9859
2025-05-24,C010,Campaign_C010,18-24,Android,40624,600,556.8,23,0.0148,0.928,24.2087
2025-05-25,C010,Campaign_C010,55-64,Android,20206,359,655.05,32,0.0178,1.8247,20.4703
2025-05-26,C010,Campaign_C010,35-44,Android,54527,1709,912.23,146,0.0313,0.5338,6.2482
2025-05-27,C010,Campaign_C010,55-64,iOS,22779,858,1654.95,17,0.0377,1.9288,97.35
2025-05-28,C010,Campaign_C010,55-64,iOS,17288,551,751.34,35,0.0319,1.3636,21.4669
2025-05-29,C010,Campaign_C010,45-54,Android,21180,476,235.22,22,0.0225,0.4942,10.6918
2025-05-30,C010,Campaign_C010,55-64,iOS,94909,1655,1920.4,164,0.0174,1.1604,11.7098
2025-05-31,C010,Campaign_C010,35-44,iOS,68776,1181,327.49,96,0.0172,0.2773,3.4114
2025-06-01,C010,Campaign_C010,55-64,iOS,77178,1589,176.68,116,0.0206,0.1112,1.5231
2025-06-02,C010,Campaign_C010,35-44,Android,57676,1778,402.71,164,0.0308,0.2265,2.4555
2025-06-03,C010,Campaign_C010,45-54,iOS,1756,47,82.12,1,0.0268,1.7472,82.12
2025-06-04,C010,Campaign_C010,18-24,iOS,43916,362,231.1,19,0.0082,0.6384,12.1632
2025-06-05,C010,Campaign_C010,25-34,iOS,20209,592,802.5,40,0.0293,1.3556,20.0625
2025-06-06,C010,Campaign_C010,18-24,iOS,30518,1030,132.74,66,0.0338,0.1289,2.0112
2025-06-07,C010,Campaign_C010,18-24,iOS,72545,1234,457.7,102,0.017,0.3709,4.4873
